x,y,z,intensity,semantic_class
7.294,0.074,0.008,0.584,0
-17.847,1.371,-0.004,0.392,0
-11.186,0.714,0.014,0.510,0
-12.625,0.075,-0.013,0.563,0
-12.964,-2.117,0.018,0.621,0
12.484,3.307,0.027,0.663,0
16.934,-6.696,-0.012,0.537,0
-8.937,-0.665,-0.013,0.525,0
12.790,0.720,-0.031,0.614,0
15.596,5.442,0.006,0.393,0
0.519,-1.456,0.043,0.486,0
-10.201,-0.732,-0.006,0.409,0
12.970,0.025,-0.001,0.392,0
-11.449,6.116,-0.036,0.596,0
9.659,3.181,-0.014,0.311,0
5.198,-0.091,0.018,0.487,0
17.096,-3.664,0.022,0.530,0
-10.724,7.686,0.018,0.557,0
11.965,-1.956,0.025,0.633,0
0.727,-2.332,-0.005,0.619,0
-10.738,-2.273,-0.009,0.373,0
-13.364,-5.384,0.038,0.411,0
-0.088,0.071,-0.015,0.611,0
3.309,-5.485,-0.002,0.697,0
-12.626,-3.794,-0.002,0.381,0
-19.404,4.065,-0.008,0.694,0
-1.155,-5.717,-0.004,0.368,0
9.130,-7.217,-0.004,0.504,0
16.744,6.351,0.006,0.349,0
5.021,-5.344,-0.003,0.602,0
16.685,-6.308,0.022,0.381,0
14.588,1.236,-0.005,0.455,0
-11.274,-0.075,-0.003,0.385,0
14.645,-3.692,0.005,0.379,0
9.230,-6.799,-0.031,0.338,0
-8.885,4.810,-0.014,0.337,0
11.882,2.206,0.014,0.690,0
14.609,-5.687,0.007,0.623,0
-8.022,-3.370,0.002,0.563,0
1.082,5.264,0.008,0.524,0
-17.141,6.500,-0.022,0.368,0
3.330,0.560,0.004,0.356,0
-10.484,-4.986,-0.012,0.641,0
10.599,-7.775,0.008,0.637,0
-13.055,-6.050,0.033,0.408,0
-7.490,5.658,-0.025,0.426,0
-19.421,3.831,0.032,0.343,0
-18.698,-3.909,-0.012,0.363,0
-0.132,-0.056,0.011,0.530,0
-1.267,-5.733,-0.019,0.379,0
-14.892,-6.226,-0.006,0.367,0
-9.697,-7.637,-0.023,0.569,0
-19.873,0.111,0.025,0.636,0
-4.757,3.397,0.041,0.389,0
3.035,-7.018,-0.011,0.443,0
-2.908,-1.508,-0.007,0.581,0
13.404,1.206,0.024,0.397,0
4.660,-1.159,-0.016,0.432,0
-9.357,-7.373,-0.026,0.332,0
12.441,-2.254,0.014,0.518,0
-0.021,1.720,0.000,0.680,0
10.352,-4.640,0.026,0.480,0
2.644,2.201,0.000,0.590,0
-2.502,-0.512,-0.034,0.607,0
-4.154,2.687,0.039,0.309,0
-19.111,0.255,-0.007,0.476,0
-1.226,-7.724,0.013,0.349,0
4.942,7.854,0.001,0.411,0
17.845,2.620,-0.025,0.649,0
-2.587,-7.574,-0.036,0.361,0
-0.574,-2.730,0.025,0.642,0
0.765,-4.740,0.012,0.310,0
-3.656,0.405,0.037,0.477,0
3.152,0.348,0.004,0.507,0
-17.186,-2.212,0.004,0.310,0
-0.465,3.223,-0.008,0.661,0
4.406,5.771,-0.032,0.542,0
9.755,-3.464,0.015,0.505,0
-2.807,-6.438,-0.004,0.547,0
-7.888,7.962,0.001,0.386,0
-19.764,5.430,0.003,0.560,0
10.259,-3.374,0.026,0.549,0
-16.897,1.622,-0.003,0.607,0
-0.400,-6.755,-0.013,0.609,0
-7.826,7.341,0.000,0.548,0
13.633,-3.275,0.038,0.485,0
18.019,-3.625,0.006,0.362,0
-7.245,-4.558,0.003,0.529,0
15.911,-4.278,-0.006,0.301,0
-6.499,6.393,-0.006,0.654,0
12.484,-3.811,-0.021,0.525,0
11.954,-1.122,-0.011,0.430,0
6.211,0.149,0.003,0.576,0
-10.852,4.428,-0.024,0.442,0
-14.493,7.468,-0.004,0.502,0
-3.025,6.452,-0.024,0.439,0
-13.938,0.345,-0.017,0.625,0
14.931,3.230,-0.009,0.443,0
-12.835,-4.024,-0.000,0.365,0
-18.788,0.773,-0.002,0.349,0
2.370,-4.963,0.027,0.646,0
-2.848,-6.140,0.025,0.645,0
14.344,-6.767,-0.004,0.443,0
-13.567,4.770,-0.004,0.459,0
-5.586,-3.081,-0.015,0.589,0
5.620,6.939,0.033,0.464,0
17.243,3.352,0.024,0.481,0
-9.528,1.654,-0.020,0.481,0
7.524,-2.520,-0.002,0.509,0
-14.038,-1.763,0.027,0.447,0
9.606,5.025,-0.008,0.378,0
-8.273,0.778,-0.009,0.486,0
-10.250,2.863,0.020,0.638,0
-10.807,0.446,-0.012,0.634,0
-5.174,6.760,0.044,0.408,0
-6.858,-0.565,0.007,0.575,0
4.506,4.437,-0.009,0.381,0
1.789,2.622,-0.055,0.464,0
9.986,4.109,0.016,0.596,0
-8.202,-1.800,-0.027,0.401,0
18.422,-2.573,0.007,0.591,0
1.739,-1.448,0.007,0.637,0
7.177,-7.202,0.011,0.473,0
7.530,-6.926,-0.031,0.338,0
-13.908,5.949,-0.014,0.636,0
-14.199,3.432,0.011,0.351,0
-1.518,5.944,0.012,0.559,0
0.877,-0.466,0.030,0.612,0
-9.118,-2.585,-0.014,0.603,0
-12.795,-4.907,-0.027,0.604,0
0.157,-7.855,-0.032,0.346,0
6.386,-7.808,0.002,0.310,0
-10.850,5.203,0.022,0.426,0
-11.263,-7.447,-0.010,0.570,0
18.196,-5.999,-0.012,0.665,0
8.996,7.473,0.017,0.303,0
-18.627,-6.476,0.001,0.633,0
19.265,-6.191,-0.005,0.482,0
-19.660,5.856,-0.010,0.563,0
-9.402,5.708,0.002,0.490,0
16.693,2.147,-0.006,0.380,0
-16.784,0.349,0.010,0.470,0
14.189,-7.620,-0.016,0.346,0
-14.213,-7.287,0.005,0.647,0
-12.830,-6.121,-0.016,0.449,0
11.387,5.447,-0.025,0.677,0
15.817,0.892,0.015,0.427,0
-1.571,4.096,-0.003,0.360,0
-18.461,1.969,-0.013,0.570,0
-7.388,-4.369,-0.023,0.537,0
-19.388,1.641,-0.008,0.501,0
-6.033,-6.721,0.024,0.692,0
6.372,-3.591,0.005,0.629,0
-9.391,3.782,0.021,0.442,0
6.081,-2.932,0.013,0.694,0
17.099,-1.782,0.024,0.414,0
-1.354,-2.971,0.004,0.681,0
-11.716,3.283,0.016,0.543,0
16.909,7.939,-0.034,0.649,0
17.834,5.014,0.007,0.318,0
-14.604,-7.519,-0.040,0.359,0
15.986,-2.496,0.018,0.652,0
-8.314,2.915,0.054,0.454,0
-14.873,-0.359,-0.005,0.540,0
-15.277,-6.259,0.029,0.602,0
10.378,6.868,0.018,0.436,0
-16.462,-6.131,-0.004,0.482,0
10.526,1.777,-0.009,0.336,0
-10.415,7.119,0.011,0.358,0
-3.249,-4.539,0.003,0.594,0
-14.279,-5.790,0.003,0.523,0
6.107,-4.289,-0.003,0.664,0
-1.689,4.693,-0.007,0.549,0
-4.247,4.555,-0.018,0.524,0
12.187,7.396,-0.031,0.437,0
-1.639,7.649,-0.002,0.596,0
7.663,-3.894,0.007,0.621,0
11.280,-3.954,-0.028,0.393,0
4.595,5.740,-0.015,0.374,0
18.456,-4.033,-0.032,0.560,0
2.035,5.209,0.016,0.418,0
-11.239,1.176,0.021,0.479,0
1.675,0.303,-0.011,0.667,0
-10.218,5.676,-0.002,0.397,0
-16.667,1.082,0.006,0.429,0
10.254,4.352,-0.005,0.387,0
-9.420,5.526,0.011,0.301,0
-7.454,-3.939,0.036,0.546,0
19.534,6.830,0.020,0.498,0
-3.978,-1.563,0.016,0.495,0
-2.348,-1.521,0.037,0.453,0
16.824,6.345,-0.025,0.439,0
11.603,-1.537,0.007,0.375,0
14.379,-4.060,-0.033,0.459,0
-1.266,2.614,0.035,0.352,0
-11.500,4.753,0.015,0.586,0
-17.374,-6.050,-0.002,0.437,0
-16.807,-7.605,-0.009,0.486,0
-14.520,-2.496,-0.011,0.548,0
-9.226,1.835,-0.006,0.654,0
11.095,-4.060,-0.032,0.318,0
-10.819,-6.141,-0.010,0.582,0
-3.128,-7.052,-0.010,0.664,0
-1.675,6.979,-0.017,0.556,0
-7.613,-5.106,-0.011,0.525,0
-12.920,-5.503,-0.005,0.561,0
-9.279,-2.748,0.005,0.507,0
14.094,2.001,0.016,0.574,0
19.763,7.361,-0.008,0.515,0
-5.173,7.687,-0.040,0.404,0
-1.530,3.818,-0.004,0.488,0
-6.600,2.218,-0.016,0.429,0
-5.382,-1.256,-0.000,0.636,0
7.487,2.256,-0.029,0.419,0
9.413,-5.514,-0.017,0.541,0
-7.318,-5.791,-0.017,0.518,0
-14.199,-0.933,0.006,0.558,0
8.301,-4.651,-0.016,0.597,0
-2.424,-5.772,-0.017,0.339,0
16.652,1.930,-0.007,0.637,0
-3.627,-3.310,0.005,0.502,0
-18.891,-0.367,-0.016,0.378,0
9.046,-0.093,-0.031,0.581,0
19.431,-5.100,-0.020,0.603,0
-1.346,-7.993,-0.002,0.663,0
18.106,-4.473,0.004,0.604,0
-13.496,-0.553,0.028,0.470,0
-11.486,-1.813,-0.026,0.448,0
-6.340,2.575,-0.017,0.372,0
-3.762,3.411,0.016,0.428,0
15.978,6.561,-0.017,0.671,0
18.900,-3.869,0.006,0.351,0
0.408,5.547,0.013,0.456,0
7.870,-0.953,-0.005,0.310,0
5.105,-5.097,0.012,0.511,0
14.421,1.035,0.032,0.331,0
-15.689,1.623,0.013,0.564,0
2.467,-6.294,0.012,0.541,0
12.333,-2.605,0.027,0.635,0
10.969,-1.425,0.025,0.576,0
10.698,-3.197,0.030,0.337,0
19.248,3.125,-0.011,0.696,0
-18.868,-5.792,-0.005,0.684,0
-15.756,-0.483,-0.013,0.575,0
-13.867,-7.868,-0.007,0.645,0
3.235,-3.308,-0.026,0.314,0
-2.767,7.558,-0.022,0.421,0
-17.435,-6.543,-0.004,0.656,0
-8.833,4.294,-0.034,0.379,0
-4.370,-0.461,-0.013,0.648,0
0.235,-4.152,-0.024,0.495,0
10.230,2.238,0.017,0.486,0
-0.439,4.349,0.021,0.446,0
13.029,-5.738,0.009,0.379,0
1.619,5.663,0.014,0.672,0
-5.713,-4.039,0.027,0.677,0
12.239,4.399,0.016,0.522,0
-12.545,-7.288,0.009,0.452,0
15.572,-3.626,-0.031,0.629,0
6.937,0.868,-0.034,0.510,0
18.135,5.820,-0.001,0.592,0
-11.606,4.388,0.019,0.592,0
-10.690,-1.332,0.003,0.363,0
-1.738,3.602,0.004,0.640,0
-14.050,0.629,-0.025,0.518,0
-18.411,-6.261,-0.013,0.639,0
-5.924,-6.679,0.028,0.662,0
10.043,-3.098,-0.007,0.444,0
15.559,-1.868,-0.006,0.655,0
-10.667,5.773,-0.018,0.465,0
17.772,2.880,0.032,0.352,0
-16.830,3.614,-0.019,0.417,0
-16.868,7.767,0.015,0.581,0
8.215,-7.334,-0.029,0.598,0
-17.288,-7.154,-0.039,0.432,0
18.826,-7.396,0.003,0.686,0
-9.032,3.778,-0.009,0.415,0
-14.851,7.341,0.022,0.606,0
10.738,-7.784,0.013,0.575,0
-3.102,-1.749,0.024,0.431,0
16.003,6.703,-0.002,0.393,0
-0.302,-4.255,-0.003,0.611,0
-19.681,-0.296,-0.003,0.539,0
-13.466,-0.697,0.045,0.474,0
-16.025,2.789,-0.009,0.432,0
-12.746,4.429,0.025,0.508,0
-9.177,5.190,-0.036,0.577,0
-16.985,3.381,-0.043,0.525,0
15.157,-5.638,-0.001,0.588,0
6.932,-7.816,-0.018,0.657,0
-2.241,7.845,-0.044,0.444,0
15.949,5.204,0.037,0.303,0
4.467,3.987,0.024,0.603,0
7.269,5.060,0.022,0.328,0
8.506,-0.635,0.004,0.688,0
-2.421,-3.246,0.017,0.510,0
-8.273,5.674,-0.016,0.639,0
15.470,0.614,0.006,0.455,0
-5.237,7.386,0.007,0.311,0
-2.528,-4.767,0.028,0.650,0
-8.949,-1.620,0.014,0.593,0
2.146,6.366,-0.015,0.413,0
1.526,-4.520,-0.016,0.597,0
-2.731,3.475,0.034,0.690,0
-5.869,5.486,-0.016,0.301,0
1.670,0.147,-0.019,0.405,0
-4.718,-3.554,0.006,0.678,0
11.164,4.326,-0.032,0.491,0
-13.864,6.382,-0.029,0.358,0
8.818,-7.638,0.015,0.573,0
-11.653,3.223,0.012,0.568,0
17.281,-0.260,0.009,0.320,0
-4.600,1.255,0.047,0.697,0
-7.049,5.731,0.016,0.381,0
16.039,-6.993,0.023,0.643,0
-18.105,-5.824,-0.022,0.366,0
19.105,0.379,-0.006,0.311,0
17.147,-0.421,-0.020,0.526,0
6.585,-3.018,0.006,0.604,0
2.784,-2.555,0.009,0.310,0
0.974,-1.849,-0.009,0.695,0
-16.663,-3.394,-0.001,0.639,0
-16.369,-3.939,0.014,0.555,0
7.626,1.311,0.007,0.673,0
18.319,0.495,0.013,0.487,0
0.410,6.967,-0.002,0.647,0
-19.959,-7.956,-0.014,0.518,0
13.154,-3.397,-0.020,0.632,0
13.221,-3.445,-0.018,0.586,0
-6.540,2.707,0.012,0.329,0
7.193,0.288,0.010,0.495,0
-14.337,5.286,-0.005,0.574,0
-13.470,-1.471,0.002,0.422,0
8.457,2.723,-0.031,0.501,0
0.397,3.352,0.002,0.319,0
3.557,7.633,0.006,0.516,0
0.948,-5.909,-0.020,0.342,0
17.619,3.936,0.009,0.410,0
11.548,-6.964,-0.021,0.309,0
15.965,1.903,0.012,0.542,0
-8.335,-6.284,0.002,0.326,0
19.184,-7.010,0.018,0.684,0
12.751,1.836,0.017,0.468,0
-16.017,5.522,0.030,0.501,0
-16.516,-5.794,-0.008,0.313,0
-12.339,3.992,0.017,0.678,0
-6.545,-3.041,-0.006,0.386,0
-11.222,-5.474,0.001,0.614,0
-17.926,6.633,-0.002,0.439,0
-2.199,-0.639,-0.017,0.500,0
-9.500,2.989,0.004,0.419,0
-1.493,1.811,0.024,0.446,0
11.339,1.151,-0.005,0.603,0
-7.129,-5.048,0.022,0.481,0
-18.388,-1.287,-0.052,0.346,0
13.382,4.823,0.033,0.658,0
-0.387,-3.841,-0.023,0.413,0
-10.234,-6.682,0.009,0.525,0
17.130,2.953,0.029,0.586,0
9.408,4.041,-0.029,0.445,0
-3.132,5.261,0.008,0.507,0
-6.115,1.883,0.027,0.636,0
-17.158,-3.238,0.003,0.529,0
-8.574,-5.217,-0.002,0.491,0
8.633,-3.108,0.001,0.571,0
-16.975,-7.967,0.005,0.448,0
-4.941,-3.923,0.011,0.570,0
3.663,-0.300,0.011,0.340,0
9.598,5.355,-0.012,0.572,0
9.713,-3.859,-0.008,0.595,0
-8.296,-6.210,0.019,0.646,0
-6.830,-3.037,0.029,0.477,0
-13.706,4.938,-0.001,0.392,0
9.172,7.218,-0.006,0.505,0
-9.381,-6.790,0.010,0.319,0
-0.783,4.534,0.020,0.381,0
15.989,-0.630,0.004,0.524,0
-19.743,-0.669,0.003,0.375,0
14.268,0.165,0.019,0.483,0
9.594,4.130,0.010,0.493,0
5.806,6.663,0.022,0.386,0
-3.717,-5.944,0.003,0.512,0
4.961,-3.863,-0.003,0.635,0
17.944,3.148,-0.005,0.394,0
-16.189,-7.907,-0.023,0.697,0
-17.289,3.077,0.012,0.487,0
-6.380,-0.646,-0.010,0.665,0
-15.878,-0.792,0.031,0.404,0
16.710,3.843,-0.018,0.698,0
11.495,-2.208,0.000,0.503,0
-13.663,-5.805,-0.016,0.337,0
-5.055,2.428,-0.001,0.423,0
-3.384,4.526,-0.020,0.519,0
18.177,7.236,-0.021,0.598,0
-6.831,-3.362,-0.002,0.537,0
-0.792,3.018,0.012,0.497,0
1.158,4.319,0.032,0.501,0
11.272,-0.666,0.030,0.441,0
14.722,7.020,-0.025,0.627,0
6.831,4.211,-0.006,0.651,0
-5.467,-5.810,0.041,0.611,0
-10.838,0.906,-0.010,0.453,0
-4.077,-0.565,-0.005,0.527,0
3.034,-4.102,-0.011,0.508,0
10.677,-5.841,0.011,0.468,0
18.380,0.656,0.020,0.443,0
14.936,6.670,0.003,0.485,0
11.511,4.215,-0.013,0.688,0
16.026,-5.570,0.017,0.322,0
7.842,5.545,0.004,0.502,0
17.820,-4.451,-0.026,0.659,0
0.542,5.069,-0.018,0.424,0
-16.357,6.798,0.025,0.474,0
9.181,-0.708,0.029,0.662,0
17.939,3.269,-0.000,0.699,0
-18.758,-0.350,0.016,0.461,0
4.884,-1.194,0.019,0.620,0
-7.809,-0.398,-0.007,0.365,0
-3.833,-2.614,-0.005,0.524,0
16.724,-2.134,0.010,0.530,0
-6.624,-4.985,0.015,0.595,0
5.033,2.348,-0.019,0.334,0
-3.064,7.607,-0.005,0.620,0
17.073,-5.382,0.015,0.540,0
-5.253,-1.749,0.031,0.519,0
-16.025,-3.473,-0.005,0.411,0
-3.240,4.368,-0.014,0.308,0
-3.795,-2.229,-0.010,0.365,0
15.415,-7.931,-0.008,0.662,0
-6.743,-2.986,-0.002,0.699,0
-8.240,-0.386,-0.026,0.468,0
-3.719,-5.460,0.016,0.484,0
7.640,-5.219,-0.042,0.542,0
-3.107,-5.677,-0.033,0.503,0
0.882,5.691,-0.012,0.300,0
8.409,-5.034,0.012,0.410,0
-18.928,0.132,-0.016,0.651,0
-14.674,-2.317,0.007,0.337,0
9.005,7.778,0.001,0.586,0
16.287,3.440,-0.034,0.411,0
14.681,-0.310,0.025,0.572,0
8.288,6.539,-0.003,0.313,0
19.274,-4.076,0.001,0.351,0
14.116,-7.369,-0.028,0.383,0
7.750,-3.643,-0.002,0.700,0
5.605,0.729,0.018,0.652,0
14.125,7.475,-0.005,0.561,0
15.206,-1.868,-0.017,0.516,0
-9.038,1.964,-0.001,0.660,0
14.161,0.675,-0.001,0.556,0
3.528,3.035,0.018,0.461,0
-19.993,-0.751,0.022,0.545,0
-12.116,-3.601,0.024,0.666,0
11.184,0.510,0.001,0.611,0
-6.312,-1.486,0.035,0.467,0
13.722,-7.365,-0.040,0.473,0
4.107,7.237,0.013,0.451,0
19.466,7.694,-0.006,0.449,0
10.554,-5.413,-0.035,0.406,0
-16.278,6.661,-0.019,0.438,0
13.512,5.007,0.005,0.696,0
6.556,4.515,0.005,0.354,0
-11.195,3.059,-0.008,0.438,0
0.672,2.373,0.005,0.609,0
-13.586,1.427,-0.011,0.363,0
-5.078,-4.645,0.014,0.373,0
9.792,7.793,0.006,0.526,0
-1.865,6.086,-0.022,0.412,0
6.458,-7.616,0.004,0.308,0
15.974,7.681,0.017,0.537,0
8.061,0.939,-0.014,0.441,0
-16.318,4.267,-0.028,0.435,0
-3.501,5.433,-0.009,0.460,0
-7.355,-3.570,0.013,0.666,0
-0.862,-6.195,-0.009,0.629,0
15.874,0.312,0.014,0.492,0
-6.284,0.806,-0.031,0.672,0
9.657,-3.693,-0.019,0.680,0
-1.269,-0.706,0.009,0.645,0
13.509,-6.168,0.006,0.606,0
-10.572,4.759,-0.005,0.555,0
0.938,7.157,-0.013,0.683,0
5.272,-7.966,0.018,0.371,0
-4.932,-2.790,-0.005,0.474,0
2.540,-1.697,0.032,0.355,0
-8.130,-5.268,-0.000,0.635,0
19.497,7.649,0.000,0.608,0
7.490,-4.334,-0.010,0.398,0
5.178,4.097,0.022,0.626,0
17.382,-2.122,-0.027,0.490,0
-2.373,3.087,0.015,0.425,0
19.251,-6.608,-0.007,0.441,0
-16.399,-3.306,-0.024,0.409,0
19.528,2.647,0.004,0.609,0
8.788,-5.015,-0.017,0.344,0
3.198,-1.626,0.027,0.539,0
-5.741,7.751,-0.011,0.575,0
-11.877,1.621,-0.022,0.561,0
19.302,-6.305,-0.025,0.377,0
-10.591,-7.303,0.031,0.316,0
15.204,-2.437,0.004,0.685,0
-17.718,7.123,-0.009,0.376,0
12.051,7.343,0.014,0.664,0
14.783,-4.328,-0.001,0.368,0
-10.204,-0.153,-0.001,0.579,0
19.078,4.017,0.020,0.632,0
-5.127,6.949,0.015,0.494,0
-13.666,-4.553,-0.032,0.554,0
-3.220,-0.407,0.001,0.645,0
18.893,-0.137,0.018,0.649,0
-15.460,7.347,0.007,0.645,0
7.719,-1.879,0.003,0.458,0
-14.556,-2.844,-0.042,0.651,0
7.412,-1.269,0.022,0.415,0
-13.831,-4.451,-0.014,0.352,0
17.750,-1.382,0.000,0.480,0
16.548,4.173,0.017,0.659,0
19.377,-1.462,0.022,0.536,0
15.137,-6.471,-0.015,0.318,0
-4.563,-5.838,0.009,0.497,0
-1.368,1.032,-0.008,0.346,0
-7.444,-2.417,-0.001,0.576,0
-0.313,1.586,0.002,0.538,0
-10.484,-5.714,0.022,0.440,0
18.402,-2.358,-0.009,0.522,0
-3.286,7.053,0.033,0.363,0
-6.559,-7.293,0.008,0.691,0
17.411,4.568,-0.046,0.507,0
-6.099,5.473,-0.001,0.501,0
-3.140,0.660,-0.034,0.410,0
5.117,4.566,0.007,0.506,0
9.222,2.503,0.000,0.661,0
-2.973,-5.882,0.001,0.451,0
-11.110,0.340,0.045,0.479,0
4.876,-5.526,-0.007,0.429,0
-13.195,-7.034,0.009,0.401,0
4.755,-4.305,0.063,0.629,0
5.703,1.335,0.023,0.650,0
5.556,-2.702,0.006,0.564,0
-5.921,-4.559,0.011,0.620,0
-4.147,-1.916,-0.003,0.562,0
-9.399,-4.924,0.018,0.603,0
11.575,-5.538,-0.023,0.360,0
8.650,-2.107,0.004,0.435,0
7.658,-7.600,-0.014,0.555,0
18.853,3.110,0.010,0.578,0
15.473,1.761,0.027,0.662,0
-2.834,2.647,-0.026,0.472,0
10.316,4.157,0.002,0.639,0
5.762,-4.137,0.010,0.425,0
1.481,5.296,-0.011,0.396,0
-14.398,-2.815,0.005,0.643,0
-0.254,-2.578,0.016,0.504,0
-11.322,4.817,0.006,0.407,0
12.338,3.287,-0.009,0.359,0
9.572,4.133,0.021,0.465,0
-12.836,2.230,0.033,0.400,0
-16.387,-1.960,0.004,0.303,0
-15.657,0.547,0.023,0.575,0
11.343,0.127,0.008,0.433,0
17.661,-5.100,-0.024,0.351,0
-8.411,3.912,0.018,0.303,0
-15.630,3.137,0.024,0.476,0
8.309,-1.844,0.026,0.423,0
0.904,6.957,-0.001,0.431,0
4.227,-1.747,0.055,0.466,0
0.073,-5.701,0.014,0.525,0
12.390,7.942,0.001,0.460,0
3.396,4.275,-0.024,0.467,0
12.089,1.266,-0.017,0.488,0
6.310,1.750,-0.012,0.587,0
7.398,-3.005,-0.025,0.552,0
9.463,1.448,0.036,0.473,0
3.128,6.066,0.016,0.323,0
-5.610,-4.373,-0.042,0.556,0
-4.149,-5.404,0.001,0.699,0
-19.107,4.475,0.006,0.560,0
-18.513,2.905,0.001,0.510,0
-1.407,-4.690,0.056,0.499,0
12.079,2.785,-0.013,0.424,0
8.289,3.524,0.034,0.631,0
-4.604,-3.497,-0.002,0.500,0
-0.819,-3.103,0.046,0.676,0
13.525,-5.590,-0.060,0.532,0
11.508,0.923,0.005,0.440,0
4.409,2.374,0.041,0.605,0
13.963,0.915,0.012,0.584,0
19.168,-3.559,-0.023,0.448,0
4.919,-0.140,-0.035,0.403,0
18.795,-2.698,-0.016,0.581,0
-16.880,-2.626,-0.024,0.630,0
11.034,-0.925,-0.027,0.584,0
-16.156,-1.421,0.034,0.683,0
-11.132,-2.701,0.000,0.449,0
-6.433,-1.352,-0.018,0.591,0
-15.332,-6.663,-0.023,0.577,0
8.639,-4.480,-0.028,0.310,0
-6.023,7.998,0.011,0.601,0
-13.255,2.086,0.006,0.332,0
-11.410,-0.488,-0.016,0.341,0
-19.009,-7.622,0.034,0.432,0
18.421,-5.277,-0.018,0.581,0
18.047,-7.342,-0.013,0.498,0
-9.822,-3.433,0.004,0.520,0
7.971,2.289,-0.022,0.530,0
-18.143,0.938,0.009,0.485,0
-6.017,-7.675,-0.029,0.510,0
7.051,1.615,-0.017,0.532,0
-10.893,-7.647,0.032,0.473,0
-6.434,-5.456,0.003,0.500,0
-14.755,-5.331,0.008,0.492,0
-13.947,5.756,-0.011,0.580,0
-19.752,-4.662,0.017,0.527,0
-6.455,5.857,-0.002,0.310,0
-2.970,1.298,-0.021,0.533,0
-3.096,2.741,0.031,0.587,0
-8.603,0.819,0.006,0.434,0
1.269,2.047,0.022,0.347,0
-18.985,-6.809,-0.004,0.445,0
-3.769,-1.397,-0.017,0.516,0
4.516,-3.803,0.009,0.597,0
10.563,3.710,0.010,0.618,0
19.709,-6.789,0.010,0.326,0
-2.425,4.359,0.014,0.369,0
17.608,-6.812,-0.014,0.419,0
16.655,-2.233,0.039,0.358,0
-14.432,0.258,0.014,0.424,0
0.034,6.533,0.018,0.490,0
-11.029,4.348,-0.038,0.623,0
11.723,-7.287,-0.032,0.343,0
9.407,5.470,-0.021,0.351,0
18.938,3.866,-0.033,0.627,0
-17.627,-4.819,-0.006,0.305,0
-2.679,3.053,0.008,0.465,0
-5.419,1.283,0.006,0.346,0
6.227,-0.949,0.015,0.589,0
1.233,5.271,0.051,0.557,0
2.808,-3.560,-0.025,0.433,0
-14.318,-6.615,-0.017,0.427,0
17.645,6.802,0.022,0.541,0
-7.001,6.166,-0.012,0.479,0
-4.271,5.580,-0.027,0.527,0
-10.856,-2.302,-0.017,0.636,0
-7.866,3.896,0.005,0.588,0
-4.850,-6.195,0.002,0.329,0
-9.576,7.575,0.000,0.424,0
-1.860,-0.120,0.007,0.471,0
13.324,4.411,0.009,0.383,0
13.747,2.555,-0.024,0.313,0
4.493,-3.533,-0.013,0.691,0
2.108,-6.540,0.015,0.654,0
4.091,2.592,0.008,0.327,0
0.170,-6.639,-0.026,0.356,0
-17.160,-0.016,-0.003,0.623,0
-15.920,0.268,0.004,0.521,0
-0.853,-4.825,-0.026,0.364,0
-17.046,7.883,-0.058,0.670,0
-14.811,5.220,-0.019,0.532,0
5.031,-1.268,0.021,0.305,0
17.823,7.561,-0.028,0.397,0
-18.609,-2.904,0.004,0.337,0
4.093,7.021,-0.025,0.394,0
-1.900,-7.067,-0.010,0.522,0
-18.420,2.107,0.042,0.676,0
11.215,4.899,0.011,0.477,0
8.187,-5.789,0.037,0.468,0
17.374,2.451,-0.051,0.629,0
6.558,-4.067,0.000,0.302,0
8.620,-1.036,0.017,0.452,0
-5.596,0.626,0.008,0.646,0
3.164,-2.446,0.002,0.457,0
4.819,2.925,-0.017,0.545,0
-15.340,-5.955,0.028,0.605,0
-12.031,-1.810,-0.010,0.451,0
-10.557,-2.103,0.034,0.622,0
4.395,0.202,0.002,0.638,0
1.715,-2.486,0.024,0.379,0
-7.090,1.139,-0.022,0.302,0
11.592,6.487,0.002,0.341,0
7.673,5.331,0.017,0.545,0
-14.427,6.356,-0.017,0.468,0
11.592,0.666,-0.022,0.518,0
-7.618,-6.239,-0.012,0.516,0
-1.355,4.239,-0.011,0.515,0
-12.730,0.266,0.036,0.353,0
-3.869,1.069,-0.044,0.425,0
-10.815,-7.533,-0.013,0.429,0
9.335,1.950,0.032,0.476,0
3.530,-5.741,-0.003,0.316,0
15.258,2.776,0.028,0.499,0
-13.678,-4.498,-0.000,0.557,0
2.988,-7.295,-0.009,0.636,0
-1.117,-5.324,0.036,0.572,0
-0.954,-0.338,0.013,0.467,0
10.218,-2.498,-0.001,0.467,0
-3.413,1.659,-0.024,0.549,0
7.811,-2.357,-0.005,0.550,0
-8.852,4.471,-0.015,0.383,0
-14.917,4.095,-0.021,0.683,0
11.714,0.541,0.022,0.419,0
1.034,3.538,-0.022,0.548,0
-10.090,0.294,-0.026,0.687,0
-1.928,-7.363,0.023,0.596,0
5.306,-6.579,-0.001,0.545,0
-10.123,-4.254,-0.040,0.324,0
-12.775,6.567,0.009,0.684,0
19.623,1.528,-0.019,0.506,0
-12.623,-1.342,-0.002,0.633,0
-6.629,6.913,0.010,0.566,0
-4.066,-6.891,0.037,0.673,0
14.446,-0.437,0.013,0.546,0
-8.871,-4.565,-0.023,0.497,0
-11.135,-7.661,0.027,0.575,0
-14.933,-7.325,-0.012,0.315,0
10.424,2.086,-0.021,0.308,0
2.607,1.063,0.011,0.412,0
-16.229,6.144,0.008,0.525,0
-1.802,-0.596,-0.028,0.423,0
19.538,5.587,0.016,0.537,0
16.923,4.749,-0.003,0.458,0
2.495,-0.586,0.037,0.584,0
-10.593,0.816,-0.029,0.685,0
3.559,-2.505,-0.012,0.647,0
0.508,4.328,0.023,0.696,0
18.799,1.458,0.003,0.644,0
-19.398,2.688,-0.006,0.527,0
-7.546,2.448,0.009,0.348,0
-3.874,-3.002,-0.053,0.568,0
9.212,5.317,0.005,0.668,0
9.968,3.486,-0.009,0.554,0
9.368,-5.125,-0.035,0.502,0
2.755,2.076,0.012,0.342,0
2.067,3.525,-0.008,0.556,0
-8.390,-3.701,0.025,0.423,0
14.755,-6.663,0.010,0.671,0
-2.925,-7.933,0.001,0.589,0
-5.699,3.809,0.001,0.404,0
11.805,5.077,0.021,0.605,0
8.990,3.588,-0.034,0.571,0
-7.258,-6.189,0.031,0.327,0
-19.052,2.223,0.014,0.330,0
-19.665,0.610,0.034,0.387,0
14.033,5.412,-0.007,0.371,0
-13.958,-2.565,-0.008,0.693,0
4.098,-7.887,-0.019,0.578,0
3.629,-3.539,0.016,0.646,0
-10.986,5.811,-0.016,0.414,0
-2.177,3.972,0.015,0.539,0
-3.239,0.215,0.007,0.623,0
0.108,5.826,-0.006,0.634,0
14.281,-4.868,-0.001,0.469,0
16.639,-0.270,0.017,0.328,0
-16.537,-7.376,-0.003,0.660,0
-2.837,0.623,0.013,0.502,0
-8.219,6.550,-0.042,0.630,0
11.514,-4.534,-0.021,0.678,0
-6.166,-0.797,-0.011,0.347,0
-0.596,-2.703,0.020,0.395,0
8.263,5.410,-0.011,0.639,0
5.409,3.140,0.012,0.533,0
9.737,-0.284,-0.011,0.657,0
-2.763,-5.775,-0.021,0.534,0
1.653,0.761,-0.006,0.641,0
-9.114,-2.099,-0.005,0.411,0
11.084,-2.830,0.014,0.356,0
14.652,-3.951,0.016,0.656,0
-7.915,-4.323,0.018,0.380,0
-0.090,1.922,0.028,0.397,0
-15.816,0.284,0.003,0.510,0
-15.531,-3.208,-0.028,0.328,0
-14.215,6.025,-0.023,0.552,0
5.196,-4.436,-0.006,0.338,0
11.451,0.274,0.025,0.515,0
-14.832,5.482,-0.019,0.629,0
19.897,1.237,-0.023,0.326,0
-5.845,7.658,0.008,0.579,0
15.734,7.849,-0.011,0.617,0
19.984,-6.818,0.021,0.306,0
13.642,-4.398,-0.009,0.687,0
-4.786,-2.663,-0.004,0.426,0
-19.033,-1.917,-0.001,0.518,0
0.319,7.979,-0.003,0.696,0
-0.482,-3.762,-0.014,0.697,0
-19.859,-3.930,-0.019,0.497,0
14.746,5.157,0.011,0.576,0
-14.153,3.301,-0.006,0.693,0
5.080,0.060,-0.002,0.434,0
-9.499,6.625,-0.028,0.335,0
-3.428,-6.979,-0.001,0.648,0
-1.205,4.018,0.008,0.301,0
3.507,0.226,0.014,0.635,0
0.781,-6.923,0.038,0.666,0
-5.422,4.761,-0.008,0.392,0
-18.382,6.631,-0.001,0.580,0
-14.936,-6.973,-0.023,0.627,0
4.960,2.679,-0.031,0.471,0
4.241,-6.185,0.018,0.551,0
6.731,-5.967,-0.028,0.404,0
-16.785,0.553,0.005,0.364,0
-10.008,-7.760,0.016,0.301,0
-10.605,-6.621,0.035,0.534,0
12.585,3.204,0.018,0.348,0
10.392,-2.079,0.022,0.626,0
10.066,7.156,0.015,0.505,0
18.876,2.730,0.022,0.616,0
16.634,0.963,-0.013,0.399,0
5.763,-4.571,0.045,0.337,0
0.354,-5.866,-0.011,0.536,0
12.706,2.050,-0.012,0.662,0
1.987,0.253,0.028,0.465,0
10.705,6.747,0.048,0.561,0
-12.793,-3.354,0.018,0.502,0
0.520,2.016,0.018,0.558,0
-0.656,-0.356,-0.011,0.620,0
-0.614,-5.181,-0.005,0.324,0
0.780,7.802,-0.019,0.599,0
4.560,-2.079,-0.015,0.657,0
4.217,-4.115,0.036,0.613,0
18.103,-3.612,-0.027,0.680,0
-11.218,1.917,0.019,0.450,0
-14.243,-0.878,0.024,0.481,0
9.177,4.840,-0.003,0.597,0
-10.261,-3.395,0.005,0.377,0
-8.780,-0.543,-0.071,0.390,0
-12.823,3.703,0.004,0.478,0
-0.899,-6.837,-0.018,0.518,0
-3.620,2.152,-0.045,0.585,0
19.007,-5.256,0.009,0.426,0
7.007,5.489,-0.017,0.494,0
3.395,-2.277,-0.003,0.426,0
3.094,0.979,-0.001,0.435,0
-8.600,-1.262,0.013,0.312,0
15.487,7.571,-0.005,0.623,0
-15.346,0.585,-0.007,0.561,0
9.422,-7.097,-0.009,0.546,0
-15.039,1.411,-0.004,0.481,0
-0.064,0.708,0.018,0.566,0
-11.344,0.991,0.017,0.391,0
2.153,-0.485,-0.010,0.462,0
-12.150,4.295,-0.001,0.325,0
0.115,-6.592,-0.005,0.316,0
-18.756,-0.183,-0.023,0.303,0
-10.129,2.802,0.043,0.476,0
9.416,3.407,-0.015,0.683,0
0.788,-5.577,0.012,0.344,0
-0.195,2.316,0.002,0.578,0
5.460,-2.769,0.020,0.337,0
1.010,4.774,-0.047,0.586,0
-9.477,-4.887,0.015,0.683,0
15.599,7.765,0.011,0.554,0
-7.474,3.905,-0.053,0.350,0
-19.271,-3.926,0.006,0.659,0
-12.420,2.230,0.013,0.438,0
-3.637,-4.865,-0.024,0.417,0
-19.610,-0.618,-0.010,0.334,0
1.828,-2.503,-0.005,0.502,0
18.131,2.190,-0.016,0.440,0
2.388,5.325,-0.007,0.632,0
-11.717,-4.674,0.036,0.309,0
-17.433,-1.084,0.012,0.410,0
1.623,-1.882,0.005,0.651,0
7.418,6.106,0.018,0.441,0
5.662,0.002,-0.016,0.613,0
2.699,-3.597,-0.029,0.667,0
-5.284,7.962,-0.007,0.524,0
-4.466,-1.549,0.004,0.603,0
14.496,-4.577,0.005,0.553,0
-18.066,5.326,-0.009,0.468,0
-8.047,-1.295,-0.036,0.316,0
-8.510,0.728,0.008,0.341,0
19.255,-5.453,-0.018,0.551,0
0.071,-2.068,-0.015,0.441,0
-12.751,1.678,0.016,0.414,0
13.918,-5.144,-0.000,0.665,0
-5.050,1.917,0.032,0.557,0
-4.598,5.649,-0.003,0.633,0
-6.514,-1.920,-0.002,0.333,0
-13.990,-4.624,-0.005,0.383,0
-2.135,-7.244,0.001,0.420,0
1.968,-5.527,-0.007,0.581,0
-1.887,4.730,-0.002,0.623,0
-4.747,-3.564,-0.008,0.504,0
-10.812,-6.549,0.009,0.599,0
14.348,4.331,0.016,0.552,0
14.521,4.409,-0.009,0.474,0
2.509,-1.642,-0.008,0.676,0
8.407,-2.860,0.011,0.696,0
16.439,-7.591,0.033,0.558,0
-13.582,-0.372,-0.014,0.342,0
-14.906,-7.237,-0.003,0.525,0
-12.066,7.853,0.007,0.576,0
3.655,-3.475,0.051,0.549,0
-17.066,5.924,-0.019,0.478,0
9.353,4.552,0.042,0.487,0
-18.004,-2.439,0.021,0.601,0
-18.974,5.605,0.006,0.670,0
18.652,0.455,-0.036,0.351,0
-5.869,6.306,-0.015,0.544,0
2.375,4.717,-0.004,0.544,0
-0.683,-4.501,0.020,0.350,0
5.888,6.744,-0.006,0.308,0
17.687,-2.502,0.013,0.377,0
2.284,3.346,0.004,0.630,0
-7.094,-3.584,-0.009,0.580,0
-18.381,-2.358,0.009,0.627,0
5.794,-7.715,0.011,0.502,0
-3.179,0.531,-0.017,0.401,0
18.215,-3.803,0.003,0.695,0
3.408,-6.506,0.039,0.699,0
5.362,-7.558,0.021,0.411,0
5.655,-3.550,0.039,0.423,0
1.720,2.866,0.002,0.694,0
-4.480,5.161,-0.010,0.665,0
-1.559,1.273,-0.017,0.403,0
7.315,-4.563,-0.011,0.641,0
-10.446,-7.972,0.052,0.696,0
-12.698,1.124,-0.026,0.630,0
15.970,-1.344,-0.026,0.327,0
7.312,-0.803,-0.035,0.489,0
14.852,5.515,-0.000,0.626,0
-5.307,-7.170,-0.000,0.308,0
3.035,-5.474,-0.004,0.590,0
4.172,1.910,0.007,0.531,0
15.785,-7.969,0.001,0.525,0
15.097,-0.264,-0.024,0.519,0
-9.589,-6.070,-0.005,0.515,0
18.742,3.651,0.027,0.483,0
-5.111,-5.815,-0.015,0.317,0
4.387,4.986,0.016,0.611,0
19.729,1.184,-0.006,0.366,0
-3.713,6.343,0.015,0.483,0
5.675,-5.827,0.003,0.646,0
19.532,-3.933,-0.008,0.418,0
5.172,0.902,-0.006,0.537,0
6.305,-4.614,0.005,0.538,0
11.526,-0.414,0.007,0.666,0
11.516,-4.005,0.022,0.318,0
17.921,-1.336,-0.034,0.531,0
5.957,2.736,-0.000,0.528,0
-9.957,0.004,-0.001,0.367,0
-17.553,6.519,0.001,0.435,0
-16.811,2.643,-0.020,0.514,0
18.492,-2.956,-0.020,0.448,0
12.932,4.031,0.009,0.520,0
3.735,-3.412,0.004,0.657,0
15.999,7.626,0.020,0.573,0
14.805,-6.636,-0.049,0.394,0
-5.617,-1.029,0.025,0.435,0
12.378,-3.520,0.003,0.452,0
-12.038,2.296,0.013,0.409,0
19.354,5.389,0.025,0.613,0
-7.355,7.427,0.019,0.549,0
-8.816,-1.162,-0.005,0.409,0
-12.707,1.926,-0.006,0.643,0
2.214,6.873,0.008,0.496,0
16.054,0.621,0.005,0.518,0
2.171,-5.993,0.022,0.350,0
-18.441,4.629,-0.050,0.408,0
-17.866,7.858,0.004,0.681,0
0.731,-7.987,0.033,0.510,0
15.598,1.206,0.016,0.686,0
3.334,4.873,0.005,0.585,0
9.857,2.823,0.021,0.605,0
13.469,5.494,-0.023,0.622,0
-14.739,2.924,0.001,0.318,0
-2.842,-3.257,0.012,0.428,0
-19.847,-0.315,0.026,0.602,0
-3.247,6.331,-0.003,0.586,0
14.338,-5.365,-0.007,0.697,0
11.499,-6.586,-0.007,0.607,0
-6.620,-3.948,0.002,0.658,0
8.515,3.552,-0.019,0.424,0
8.502,-7.102,0.009,0.465,0
-0.343,4.486,0.015,0.543,0
-15.845,7.469,0.025,0.624,0
17.047,-4.196,0.032,0.518,0
2.903,5.295,-0.025,0.564,0
-12.864,1.019,0.017,0.572,0
6.957,-3.864,-0.019,0.420,0
10.842,3.609,-0.016,0.557,0
-15.542,-3.270,0.013,0.520,0
-3.000,5.818,-0.003,0.514,0
17.986,-0.784,0.030,0.301,0
3.495,2.588,-0.006,0.534,0
11.393,4.643,0.021,0.634,0
-13.942,-4.718,0.011,0.596,0
-9.316,-7.294,0.029,0.669,0
18.525,1.786,0.005,0.528,0
-16.769,-1.407,0.004,0.563,0
15.764,-6.329,-0.019,0.339,0
-17.458,-4.417,-0.009,0.673,0
3.777,2.089,-0.005,0.599,0
-19.448,0.183,-0.033,0.406,0
16.093,-5.593,-0.007,0.322,0
1.388,-0.079,-0.016,0.527,0
1.494,4.507,-0.001,0.301,0
-4.460,5.093,-0.006,0.327,0
7.891,7.867,0.043,0.361,0
6.686,-3.499,-0.022,0.493,0
4.067,-3.049,-0.027,0.545,0
-1.539,1.721,-0.031,0.519,0
-12.420,-5.750,-0.004,0.655,0
3.180,-0.316,0.014,0.669,0
17.562,-3.551,0.008,0.531,0
-8.037,0.767,0.007,0.462,0
-1.581,4.968,0.050,0.596,0
-17.697,2.844,0.032,0.308,0
-16.588,4.502,0.033,0.676,0
-12.022,-0.239,0.005,0.557,0
5.207,4.163,0.008,0.315,0
-9.102,4.209,0.032,0.635,0
17.993,0.101,-0.009,0.344,0
-3.352,-2.466,0.009,0.629,0
4.969,-1.774,-0.039,0.670,0
2.620,-0.461,-0.032,0.651,0
-0.119,3.145,-0.006,0.439,0
-4.013,1.632,0.019,0.440,0
-2.154,4.102,-0.025,0.553,0
19.841,7.757,0.014,0.660,0
-16.317,1.363,0.010,0.584,0
18.646,7.544,-0.018,0.337,0
-9.863,5.742,-0.001,0.501,0
11.922,4.201,0.025,0.378,0
-10.763,5.053,0.037,0.530,0
-4.342,-6.773,0.012,0.404,0
8.501,-4.417,0.018,0.472,0
16.980,4.201,-0.039,0.546,0
-2.548,1.590,-0.001,0.372,0
4.386,-4.778,-0.012,0.641,0
-6.102,4.031,0.005,0.418,0
-11.622,-1.049,0.017,0.631,0
17.614,-3.159,-0.022,0.356,0
17.562,7.393,0.019,0.585,0
19.041,2.760,-0.020,0.618,0
19.129,-5.181,-0.040,0.328,0
16.117,-4.514,0.018,0.515,0
2.428,4.170,0.031,0.653,0
-7.632,-7.647,0.027,0.501,0
-4.337,5.172,-0.011,0.353,0
-8.295,-7.755,0.010,0.402,0
-7.295,-1.054,-0.028,0.362,0
10.654,5.726,0.003,0.308,0
17.591,-1.104,0.029,0.423,0
2.799,-1.031,0.040,0.392,0
8.530,-0.812,-0.026,0.593,0
-9.037,-3.463,-0.003,0.550,0
15.801,3.785,0.003,0.380,0
1.224,-3.870,0.008,0.566,0
6.490,4.304,0.018,0.354,0
14.561,6.724,-0.016,0.323,0
-7.351,-6.974,0.006,0.529,0
-12.476,-7.799,-0.019,0.363,0
2.286,3.991,0.042,0.644,0
12.702,4.192,-0.036,0.439,0
14.332,-4.254,-0.043,0.456,0
-17.994,-2.723,-0.027,0.379,0
11.704,-4.579,-0.010,0.660,0
-8.990,-5.428,0.003,0.524,0
-15.755,-3.044,0.010,0.551,0
-8.126,-6.804,0.001,0.401,0
-15.131,-1.207,0.008,0.472,0
-5.064,4.259,0.007,0.421,0
-0.606,3.166,-0.039,0.580,0
16.915,-2.699,-0.023,0.332,0
14.996,-2.489,0.003,0.674,0
10.090,6.558,-0.016,0.383,0
-16.084,2.694,-0.009,0.417,0
-1.989,-2.955,-0.001,0.605,0
-6.771,-2.741,0.015,0.360,0
19.116,-6.479,0.021,0.316,0
16.591,-1.699,0.019,0.383,0
16.555,-5.994,-0.003,0.560,0
13.535,-5.901,0.057,0.335,0
9.972,-6.408,0.007,0.675,0
8.430,-5.463,-0.001,0.614,0
1.078,-2.635,-0.009,0.675,0
3.291,-5.852,0.016,0.405,0
-0.790,-1.223,0.018,0.475,0
0.237,0.312,0.002,0.486,0
-13.558,1.456,-0.006,0.398,0
-10.271,-7.196,-0.010,0.671,0
-10.633,-6.761,0.019,0.656,0
-6.363,-1.154,0.042,0.588,0
-1.333,-6.437,-0.012,0.619,0
-2.268,-6.902,-0.025,0.537,0
16.659,7.961,-0.017,0.588,0
-13.438,-3.102,0.017,0.690,0
-2.689,-5.486,-0.015,0.357,0
-9.985,3.949,0.004,0.370,0
18.773,-0.708,0.026,0.617,0
0.235,7.340,-0.019,0.305,0
3.903,-5.568,-0.002,0.334,0
18.441,-5.067,-0.001,0.601,0
7.529,6.447,0.011,0.394,0
0.485,7.697,0.014,0.608,0
-5.401,7.298,-0.034,0.464,0
10.978,7.445,0.016,0.511,0
-3.640,-7.928,-0.010,0.643,0
10.278,4.015,-0.026,0.461,0
-11.979,-6.901,0.001,0.526,0
-19.052,-1.253,0.002,0.530,0
-7.405,-0.663,0.020,0.501,0
8.751,-3.546,-0.015,0.384,0
19.736,2.611,0.024,0.691,0
-11.818,-4.398,0.010,0.328,0
12.536,0.420,-0.010,0.674,0
4.096,-2.412,0.005,0.423,0
-1.103,1.860,0.013,0.347,0
16.621,1.006,0.017,0.443,0
1.979,-5.771,0.001,0.666,0
2.144,1.156,0.002,0.560,0
-18.482,-5.421,0.023,0.595,0
4.942,-1.347,0.009,0.355,0
11.052,1.954,-0.018,0.594,0
3.337,4.746,-0.020,0.322,0
12.259,4.325,0.009,0.590,0
3.547,6.405,0.008,0.669,0
8.049,2.989,-0.007,0.411,0
-8.726,-3.081,0.010,0.598,0
-13.919,-1.182,0.012,0.302,0
2.606,-1.178,-0.020,0.593,0
9.312,-1.987,0.036,0.634,0
1.927,-0.864,-0.009,0.324,0
-12.896,4.173,0.008,0.531,0
12.272,0.380,-0.030,0.372,0
-12.959,7.957,-0.028,0.577,0
-3.397,5.847,-0.018,0.422,0
14.443,1.107,-0.030,0.487,0
-11.849,-4.741,-0.018,0.519,0
-7.865,-1.809,-0.000,0.402,0
18.251,-5.747,-0.008,0.605,0
-0.123,-4.472,0.010,0.305,0
-9.474,4.447,0.011,0.328,0
-19.781,6.819,-0.009,0.404,0
0.288,3.397,-0.020,0.452,0
14.712,-6.347,0.014,0.535,0
-9.773,0.510,-0.021,0.533,0
4.239,5.941,0.004,0.418,0
-18.098,-5.055,0.003,0.635,0
-19.875,-4.027,0.015,0.433,0
2.194,6.856,-0.029,0.482,0
-15.577,4.980,0.020,0.366,0
19.093,5.070,0.018,0.380,0
5.788,0.366,0.005,0.608,0
-0.307,1.638,0.000,0.421,0
-2.463,6.063,0.016,0.366,0
-16.016,3.420,-0.046,0.550,0
8.822,-1.770,0.023,0.380,0
18.661,0.772,-0.007,0.542,0
2.289,6.463,0.008,0.575,0
2.670,3.319,-0.032,0.535,0
-11.998,0.421,-0.009,0.514,0
-11.935,-5.978,0.005,0.700,0
-19.210,-6.101,-0.035,0.358,0
8.351,-7.167,0.027,0.363,0
11.333,-6.502,0.017,0.638,0
4.215,-2.090,0.027,0.309,0
-16.464,-0.784,0.013,0.313,0
-16.302,-6.497,0.008,0.485,0
-6.495,-4.311,-0.008,0.442,0
6.879,-0.764,0.004,0.353,0
12.444,5.733,0.001,0.512,0
5.925,3.860,0.031,0.590,0
-16.574,7.407,-0.020,0.426,0
-3.363,1.073,-0.000,0.609,0
-15.471,-3.085,-0.001,0.524,0
-4.607,4.522,0.002,0.592,0
15.936,3.143,-0.013,0.386,0
13.133,3.269,0.011,0.490,0
5.279,0.847,0.010,0.414,0
-11.567,-6.423,-0.022,0.313,0
-15.919,-4.148,-0.033,0.364,0
13.957,7.321,0.013,0.387,0
0.100,-5.479,-0.021,0.377,0
-16.705,-0.718,0.006,0.476,0
15.128,-6.666,-0.005,0.534,0
1.744,0.800,0.004,0.667,0
17.449,-0.582,-0.020,0.333,0
-18.509,-3.658,-0.018,0.389,0
-10.644,-0.858,0.015,0.466,0
-6.707,-4.320,-0.049,0.524,0
-15.334,-4.215,0.019,0.665,0
-12.810,7.612,0.012,0.680,0
2.014,4.776,0.016,0.325,0
-7.403,-4.356,-0.015,0.585,0
-1.348,-7.123,-0.013,0.482,0
-15.238,-5.410,-0.016,0.319,0
18.693,-7.551,-0.003,0.667,0
0.688,-5.009,0.023,0.519,0
-6.823,-3.059,0.018,0.688,0
0.278,4.032,0.015,0.467,0
7.099,1.139,-0.024,0.320,0
-2.427,-6.570,0.034,0.320,0
1.465,6.853,-0.027,0.605,0
0.325,3.582,0.015,0.588,0
6.437,0.221,0.009,0.411,0
-8.736,1.224,-0.025,0.323,0
10.697,2.005,-0.019,0.343,0
-2.497,1.687,-0.019,0.312,0
14.130,5.732,-0.022,0.321,0
-5.581,3.273,0.005,0.373,0
-12.034,3.098,0.019,0.523,0
-9.053,2.519,-0.019,0.643,0
-16.656,3.472,0.006,0.318,0
6.067,-4.585,-0.011,0.556,0
-10.398,4.081,0.054,0.531,0
-4.018,-0.998,0.025,0.492,0
-8.228,3.413,0.017,0.349,0
-9.635,7.883,0.015,0.469,0
16.843,6.333,0.016,0.320,0
19.098,6.362,-0.018,0.419,0
10.379,0.118,0.015,0.691,0
16.689,-6.132,-0.034,0.385,0
-11.010,-6.612,-0.025,0.518,0
-19.642,7.503,0.004,0.462,0
-6.694,1.405,0.007,0.540,0
-12.593,0.518,-0.004,0.382,0
-13.737,2.674,0.020,0.473,0
19.466,-0.815,-0.011,0.381,0
-12.678,1.153,0.026,0.452,0
-5.580,4.255,0.008,0.322,0
-18.610,2.648,0.007,0.330,0
8.011,-4.821,-0.014,0.419,0
-0.488,3.872,-0.025,0.307,0
-14.954,5.259,0.015,0.361,0
-9.246,-0.618,-0.009,0.691,0
-17.806,-1.191,-0.043,0.617,0
19.068,-0.274,0.008,0.614,0
-7.750,-4.462,-0.009,0.326,0
-17.483,1.817,-0.001,0.670,0
14.856,7.148,-0.003,0.609,0
1.869,-0.608,-0.040,0.380,0
2.812,0.807,0.001,0.412,0
-4.660,-4.054,0.019,0.536,0
6.407,0.427,-0.010,0.445,0
-7.859,-6.778,0.021,0.352,0
3.689,0.007,0.000,0.550,0
-10.067,-5.711,0.005,0.354,0
-2.997,-6.444,0.008,0.433,0
-10.443,-0.558,-0.008,0.665,0
16.859,7.736,0.045,0.669,0
-0.520,-1.143,0.011,0.315,0
3.944,-6.990,-0.010,0.515,0
4.119,-7.179,0.013,0.423,0
15.261,5.399,0.007,0.320,0
0.080,4.214,0.002,0.524,0
18.223,4.295,0.002,0.514,0
12.122,-7.119,0.013,0.310,0
15.579,7.492,-0.025,0.588,0
3.450,-4.083,-0.014,0.473,0
-8.056,0.189,-0.025,0.699,0
-13.172,-6.443,-0.026,0.379,0
7.059,-7.309,-0.049,0.506,0
-18.125,4.655,-0.005,0.624,0
3.271,-5.926,-0.009,0.434,0
-2.785,3.619,-0.022,0.360,0
-12.201,-7.628,-0.007,0.576,0
14.980,-7.336,0.031,0.651,0
-8.958,0.642,0.017,0.570,0
-15.525,5.408,-0.044,0.623,0
-9.054,6.572,-0.006,0.501,0
-1.931,7.917,0.023,0.502,0
2.598,-7.310,0.001,0.478,0
17.995,6.337,0.005,0.672,0
-5.702,7.549,0.004,0.344,0
12.850,7.539,-0.020,0.355,0
11.314,5.637,0.013,0.464,0
-7.397,2.942,0.020,0.457,0
6.296,-4.906,-0.010,0.698,0
7.000,2.548,0.005,0.490,0
-12.089,1.301,-0.012,0.570,0
17.335,7.521,0.009,0.637,0
-17.453,4.239,0.030,0.316,0
-17.528,4.138,0.024,0.495,0
2.143,-2.486,-0.033,0.566,0
-7.469,-4.887,-0.014,0.355,0
2.113,2.972,-0.010,0.535,0
-8.138,4.560,0.016,0.679,0
15.467,6.906,-0.001,0.526,0
-1.820,6.058,0.001,0.566,0
-15.486,-5.232,-0.022,0.499,0
-9.076,-3.532,0.028,0.355,0
-13.577,-5.907,0.009,0.374,0
19.554,-2.490,-0.035,0.327,0
10.592,-3.812,0.026,0.656,0
-10.450,3.917,-0.020,0.412,0
-11.739,-7.971,0.008,0.337,0
8.390,-6.071,-0.013,0.335,0
11.344,-3.331,-0.007,0.326,0
-0.067,6.837,0.031,0.512,0
16.905,-2.856,-0.003,0.309,0
-2.677,0.497,-0.002,0.462,0
3.867,4.275,-0.001,0.542,0
-17.512,-1.362,0.006,0.388,0
1.603,3.095,0.023,0.537,0
-10.843,5.565,0.019,0.616,0
-15.128,1.582,0.009,0.454,0
-5.517,-5.687,0.023,0.491,0
3.853,6.763,0.003,0.402,0
13.832,-0.272,0.018,0.579,0
-6.675,-0.441,0.018,0.527,0
0.626,-1.515,0.008,0.401,0
6.714,-4.814,0.006,0.590,0
-19.569,-2.982,0.016,0.362,0
2.600,3.682,-0.001,0.488,0
4.132,2.318,0.036,0.507,0
-15.158,-7.700,0.008,0.514,0
-2.169,-7.191,0.017,0.359,0
-2.372,-7.753,-0.026,0.436,0
9.827,-4.303,0.016,0.665,0
-7.395,0.311,0.012,0.404,0
-5.460,3.104,0.012,0.447,0
-17.583,-5.821,0.038,0.445,0
-10.123,7.609,0.009,0.427,0
6.169,-7.174,0.013,0.347,0
-7.386,4.743,0.009,0.493,0
3.759,5.755,0.019,0.310,0
-5.535,-0.386,-0.017,0.546,0
3.581,4.606,-0.028,0.422,0
6.057,5.980,0.004,0.676,0
-3.794,7.230,0.025,0.447,0
15.419,1.564,-0.022,0.411,0
-19.762,-2.044,0.009,0.620,0
-14.803,-7.883,0.000,0.384,0
2.187,7.525,-0.035,0.685,0
-13.657,-4.307,0.005,0.312,0
-8.091,4.402,-0.013,0.411,0
-10.433,1.974,-0.030,0.594,0
12.526,7.426,0.038,0.303,0
-9.743,-0.636,-0.004,0.474,0
-1.780,-0.817,0.021,0.674,0
14.671,-5.668,-0.012,0.533,0
-1.034,-5.286,0.023,0.479,0
15.193,6.836,-0.001,0.561,0
4.536,0.441,0.008,0.427,0
12.225,-7.957,0.014,0.466,0
-4.401,0.446,-0.007,0.495,0
1.965,6.713,-0.019,0.357,0
-19.246,3.839,0.007,0.374,0
7.146,-0.532,-0.014,0.689,0
-19.155,1.878,-0.009,0.314,0
9.891,6.727,0.012,0.378,0
19.725,-2.756,0.003,0.598,0
18.277,-3.756,-0.011,0.437,0
5.156,2.718,-0.015,0.696,0
11.393,-5.125,-0.000,0.312,0
-10.744,-3.818,0.057,0.459,0
-1.523,0.759,-0.024,0.317,0
9.606,-4.207,-0.004,0.524,0
-14.768,-5.433,-0.007,0.342,0
-8.407,-0.868,0.004,0.541,0
-13.097,-7.025,0.009,0.572,0
-9.660,6.061,-0.004,0.457,0
-15.530,4.375,-0.006,0.469,0
-11.780,-3.331,0.027,0.613,0
4.849,-0.994,-0.003,0.364,0
18.294,-2.728,0.007,0.688,0
1.832,-4.825,-0.040,0.526,0
17.014,-5.512,-0.027,0.661,0
-5.373,-5.059,0.005,0.686,0
8.467,-6.461,-0.015,0.533,0
-6.400,0.656,-0.003,0.490,0
0.469,-4.516,0.017,0.332,0
-14.043,-4.505,0.013,0.360,0
10.700,5.210,0.001,0.687,0
-9.512,-4.207,-0.037,0.325,0
-1.193,-5.537,0.021,0.487,0
18.917,-2.644,0.000,0.594,0
-1.217,7.179,-0.000,0.496,0
16.389,-7.131,0.007,0.308,0
13.790,-7.685,-0.004,0.555,0
0.089,5.740,-0.035,0.349,0
-14.625,5.971,0.024,0.495,0
-12.595,-3.396,-0.017,0.380,0
-3.107,-6.973,-0.029,0.447,0
-2.539,-2.540,0.023,0.694,0
10.742,4.393,0.001,0.302,0
9.785,0.558,0.010,0.360,0
-16.772,-1.497,-0.024,0.326,0
-5.301,6.394,0.009,0.683,0
-18.430,1.544,0.014,0.526,0
-10.897,-0.281,0.043,0.525,0
18.239,4.552,-0.014,0.348,0
-9.306,-6.078,-0.033,0.329,0
-15.626,-5.186,-0.023,0.480,0
7.397,-1.686,-0.012,0.676,0
-16.172,-2.029,0.048,0.654,0
16.622,0.669,-0.012,0.346,0
5.068,7.138,0.024,0.386,0
7.673,-1.294,0.011,0.412,0
2.118,-7.928,-0.019,0.556,0
-5.561,1.544,0.011,0.621,0
-18.785,-5.501,-0.006,0.474,0
-8.541,6.533,-0.018,0.401,0
-17.604,1.450,0.035,0.463,0
10.849,2.003,-0.019,0.471,0
-2.796,1.898,0.001,0.332,0
6.999,5.422,0.020,0.301,0
13.403,-5.367,-0.008,0.426,0
-8.174,-1.626,0.016,0.688,0
14.985,-1.148,0.003,0.482,0
-15.002,-2.986,-0.016,0.358,0
1.077,-7.951,0.039,0.304,0
11.096,-3.712,0.019,0.605,0
9.594,1.794,0.033,0.310,0
6.433,-1.469,0.019,0.527,0
2.605,5.185,0.004,0.683,0
-11.186,3.664,-0.003,0.692,0
-10.462,7.605,-0.030,0.453,0
-19.627,1.467,-0.007,0.378,0
-2.070,4.130,0.013,0.367,0
-9.386,-5.063,-0.011,0.566,0
-10.367,-7.231,-0.009,0.420,0
5.541,-4.052,0.012,0.334,0
-13.726,-2.637,0.012,0.577,0
-10.540,-6.988,-0.029,0.361,0
9.859,5.202,-0.019,0.558,0
-4.119,-4.175,-0.019,0.557,0
10.712,7.606,-0.025,0.428,0
-12.780,-0.412,0.017,0.660,0
-4.697,6.591,0.012,0.377,0
4.870,-2.344,0.024,0.592,0
3.281,1.415,-0.016,0.309,0
-8.159,1.005,-0.014,0.313,0
19.697,-0.848,-0.028,0.616,0
-4.408,1.863,0.043,0.499,0
5.546,-1.713,-0.001,0.370,0
-13.321,-5.805,-0.024,0.484,0
-13.063,7.897,-0.032,0.470,0
-19.450,-6.206,-0.014,0.300,0
-10.497,-3.952,-0.014,0.582,0
-12.014,-6.841,0.007,0.355,0
11.804,3.220,0.026,0.658,0
-12.894,0.554,0.002,0.486,0
-5.171,2.898,0.006,0.541,0
17.053,6.393,-0.007,0.340,0
-4.676,-2.160,0.025,0.313,0
-13.684,-1.302,0.005,0.447,0
15.519,2.517,-0.005,0.550,0
-13.491,-1.489,0.053,0.360,0
17.751,-6.109,-0.015,0.423,0
17.911,6.766,0.013,0.429,0
-11.657,3.333,-0.016,0.575,0
-9.724,-3.659,0.000,0.421,0
7.227,6.692,-0.017,0.410,0
-6.322,5.577,0.023,0.435,0
-14.600,-5.356,-0.005,0.578,0
-0.208,3.439,0.004,0.549,0
-19.773,3.098,0.026,0.344,0
-10.193,-3.370,0.027,0.670,0
4.761,-1.460,0.009,0.434,0
19.024,-6.472,-0.020,0.646,0
-17.630,7.027,-0.037,0.550,0
-16.364,3.069,-0.004,0.449,0
-1.470,-0.250,-0.015,0.444,0
12.895,3.766,0.012,0.526,0
-13.163,5.668,-0.030,0.676,0
3.004,7.657,0.014,0.679,0
-6.594,6.625,-0.039,0.627,0
-1.252,1.032,-0.001,0.500,0
-14.114,-6.469,0.026,0.563,0
13.890,2.185,-0.001,0.409,0
-3.209,-5.378,-0.001,0.326,0
-18.926,0.145,0.031,0.438,0
4.494,-6.166,-0.039,0.329,0
-9.699,0.295,0.002,0.679,0
10.412,-2.963,0.033,0.310,0
-19.527,-6.079,-0.017,0.355,0
-3.346,3.446,0.006,0.438,0
5.584,-1.048,0.011,0.510,0
-7.104,-0.369,0.008,0.560,0
-5.023,7.075,0.008,0.642,0
-4.395,-5.777,0.031,0.625,0
7.250,7.415,-0.030,0.695,0
17.179,-0.249,0.017,0.698,0
17.162,1.904,0.028,0.623,0
-11.192,-4.079,0.026,0.493,0
1.920,2.583,-0.001,0.402,0
-2.109,-1.377,0.001,0.486,0
-10.958,4.999,-0.012,0.631,0
6.965,-0.267,0.010,0.479,0
13.983,-3.186,0.001,0.370,0
7.707,1.203,-0.006,0.429,0
-10.323,7.383,-0.016,0.519,0
14.555,7.608,-0.004,0.351,0
9.494,0.175,0.045,0.627,0
-4.341,-2.252,-0.017,0.563,0
4.478,6.350,-0.027,0.438,0
8.910,-0.806,-0.001,0.481,0
9.174,3.070,-0.023,0.305,0
-4.716,4.055,-0.046,0.377,0
-15.469,-6.990,-0.010,0.343,0
6.468,-1.478,-0.019,0.572,0
1.959,-3.652,-0.003,0.614,0
3.144,-7.648,-0.004,0.391,0
13.132,-7.460,0.012,0.570,0
14.646,-3.318,-0.029,0.317,0
4.247,-0.674,-0.008,0.604,0
9.756,-7.093,-0.011,0.661,0
7.362,6.096,-0.009,0.450,0
6.273,1.425,0.500,0.779,1
10.988,1.095,0.757,0.723,1
10.212,-0.136,0.779,0.639,1
10.560,2.103,0.636,0.669,1
9.838,1.394,0.462,0.783,1
5.038,-2.476,1.145,0.673,1
9.997,0.536,0.202,0.870,1
8.497,2.093,0.089,0.878,1
9.163,-0.449,0.771,0.974,1
10.048,-0.552,0.560,0.638,1
5.483,-2.185,1.180,0.757,1
11.113,-2.193,0.437,0.724,1
10.044,-1.327,1.516,0.688,1
10.980,2.090,0.549,0.851,1
11.399,-0.091,1.063,0.830,1
10.478,0.110,1.365,0.665,1
11.759,1.765,1.777,0.888,1
7.000,-1.948,0.713,0.782,1
11.372,0.889,0.715,0.833,1
7.970,0.858,0.705,0.661,1
9.271,0.239,0.479,0.865,1
10.674,0.304,0.052,0.882,1
8.781,-0.584,1.331,0.863,1
5.574,0.229,1.281,0.721,1
11.070,1.662,0.173,0.898,1
8.090,-0.191,1.373,0.960,1
9.728,0.682,1.106,0.767,1
6.160,1.548,1.718,0.785,1
10.843,1.505,0.118,0.791,1
5.151,-1.655,1.716,0.900,1
10.317,-2.481,1.030,0.675,1
10.900,-1.972,1.394,0.959,1
7.739,-1.094,1.279,0.653,1
10.356,-2.448,0.286,0.894,1
5.038,0.321,0.767,0.882,1
10.885,-2.280,1.040,0.733,1
5.829,0.831,1.232,0.978,1
8.244,2.026,1.078,0.922,1
6.256,2.351,0.932,0.974,1
11.335,-0.351,0.669,0.965,1
5.053,1.643,1.145,0.736,1
7.073,0.660,0.385,0.770,1
8.321,1.775,1.179,0.607,1
6.142,-1.568,0.494,0.679,1
5.969,0.893,0.092,0.857,1
5.913,-2.296,0.517,0.972,1
6.835,2.075,1.129,0.879,1
11.452,-2.423,1.566,0.856,1
9.353,1.798,0.747,0.827,1
6.142,-1.054,1.670,0.611,1
9.048,-0.033,0.817,0.725,1
9.313,0.605,1.470,0.672,1
6.631,-0.509,1.401,0.732,1
10.710,0.810,1.612,0.813,1
7.845,-0.377,0.857,0.863,1
8.670,2.162,0.685,0.821,1
7.803,1.805,0.340,0.690,1
11.236,0.330,0.907,0.744,1
6.272,-1.880,0.770,0.811,1
9.590,0.862,1.146,0.794,1
7.537,1.353,0.215,0.824,1
7.263,0.438,1.177,0.893,1
10.402,0.569,0.207,0.980,1
8.414,-2.456,1.630,0.883,1
5.667,-2.115,1.463,0.749,1
7.655,0.098,0.260,0.817,1
11.175,-1.259,0.756,0.914,1
9.950,-2.128,0.181,0.824,1
5.416,-0.912,1.296,0.752,1
7.786,-1.062,0.689,0.611,1
6.765,-0.567,1.594,0.767,1
6.583,1.584,0.527,0.767,1
5.438,-2.236,0.060,0.969,1
6.105,-2.125,1.523,0.878,1
7.406,-1.702,1.267,0.875,1
10.004,-1.837,0.221,0.971,1
5.792,1.599,1.168,0.993,1
11.435,-1.598,0.738,0.947,1
8.649,-0.765,1.398,0.680,1
10.321,-0.097,0.308,0.622,1
7.314,1.525,0.394,0.667,1
10.362,0.465,1.441,0.630,1
11.307,-0.402,0.921,0.960,1
5.714,-0.372,0.520,0.811,1
7.594,-1.946,0.914,0.979,1
9.717,-0.281,0.254,0.862,1
11.486,1.250,1.010,0.746,1
8.422,0.714,1.763,0.739,1
9.575,-1.308,0.732,0.636,1
7.854,-1.828,0.643,0.699,1
9.283,2.411,1.182,0.737,1
8.982,1.170,1.017,0.810,1
11.542,-1.092,1.385,0.888,1
9.352,0.438,1.391,0.812,1
6.173,1.138,0.775,0.733,1
8.535,0.354,1.022,0.670,1
11.600,-2.243,1.705,0.887,1
9.940,1.307,0.614,0.899,1
6.862,-2.187,0.556,0.635,1
10.671,-2.478,1.315,0.989,1
9.721,-0.968,0.418,0.671,1
7.848,-2.108,0.215,0.689,1
5.660,-1.627,0.290,0.753,1
5.262,-1.844,1.116,0.958,1
11.893,-2.179,1.076,0.741,1
9.381,-0.997,0.219,0.667,1
6.511,-2.046,1.649,0.979,1
6.876,-0.117,1.459,0.706,1
6.956,1.527,1.059,0.744,1
10.011,0.619,1.295,0.638,1
7.280,0.039,1.196,0.955,1
10.292,2.423,0.222,0.608,1
11.319,-0.081,1.763,0.866,1
8.782,2.258,1.746,0.908,1
5.231,-0.234,1.267,0.810,1
10.821,-0.626,1.336,0.829,1
8.858,-1.646,1.716,0.660,1
6.047,-0.934,1.488,0.925,1
6.960,-1.731,0.046,0.722,1
6.765,1.430,0.775,0.665,1
9.856,-0.180,1.320,0.609,1
9.311,-1.625,0.162,0.914,1
11.313,0.624,1.736,0.665,1
8.034,2.236,0.927,0.900,1
6.540,0.653,0.260,0.665,1
6.245,-0.748,1.562,0.925,1
7.985,0.092,0.954,0.737,1
8.756,0.893,1.218,0.835,1
7.473,-2.298,0.496,0.826,1
10.119,-0.464,0.917,0.836,1
6.417,-1.171,1.383,0.745,1
7.931,-1.054,1.639,0.828,1
9.665,0.730,0.032,0.662,1
5.109,-0.505,1.005,0.616,1
11.668,0.380,0.997,0.836,1
9.257,-1.218,1.329,0.801,1
6.077,-2.258,0.636,0.852,1
5.498,2.120,0.103,1.000,1
7.044,0.129,0.601,0.824,1
8.581,1.358,0.856,0.910,1
11.792,-0.505,0.257,0.705,1
11.433,2.369,1.547,0.682,1
5.158,2.006,1.334,0.632,1
10.702,1.124,1.334,0.773,1
9.431,0.933,0.223,0.952,1
11.772,-2.087,0.487,0.619,1
5.914,1.973,0.951,0.872,1
7.077,0.008,1.006,0.683,1
6.212,1.571,1.605,0.805,1
9.062,-2.476,0.410,0.718,1
5.333,2.023,1.720,0.914,1
11.942,-1.523,0.788,0.642,1
5.561,-0.478,0.798,0.741,1
6.602,-1.500,0.513,0.925,1
6.781,-2.137,1.775,0.624,1
9.970,1.807,1.543,0.857,1
8.035,-2.025,0.614,0.872,1
7.401,1.231,0.878,0.654,1
6.461,-1.122,0.385,0.962,1
5.730,0.525,1.397,0.859,1
6.496,1.734,1.233,0.911,1
6.318,0.527,0.047,0.682,1
9.246,1.525,0.012,0.699,1
9.539,0.670,1.138,0.730,1
10.576,2.446,0.035,0.784,1
5.724,1.167,0.023,0.753,1
6.903,-0.311,0.602,0.672,1
6.671,1.590,1.534,0.827,1
8.489,0.850,1.053,0.842,1
6.501,0.851,0.863,0.612,1
6.551,1.409,0.357,0.863,1
5.780,0.258,0.306,0.970,1
5.194,-1.155,1.793,0.681,1
9.964,1.861,0.143,0.721,1
9.793,0.148,0.754,0.939,1
10.739,0.084,1.059,0.753,1
7.578,-2.368,0.960,0.658,1
10.945,1.842,1.716,0.885,1
8.909,1.746,0.706,0.812,1
9.374,-0.562,0.366,0.886,1
7.319,2.395,0.009,0.904,1
6.407,1.710,1.585,0.960,1
11.294,0.744,1.800,0.790,1
10.461,-2.237,0.086,0.995,1
8.853,-0.917,1.503,0.624,1
7.295,-0.723,0.961,0.758,1
9.970,-0.653,0.395,0.996,1
10.530,-0.195,1.581,0.975,1
6.160,1.393,1.395,0.601,1
8.805,1.312,0.272,0.795,1
7.877,2.334,0.799,0.950,1
10.139,1.852,0.114,0.836,1
9.018,-1.434,1.294,0.754,1
6.962,1.817,0.134,0.988,1
5.324,0.478,0.553,0.693,1
9.607,-0.359,1.450,0.926,1
7.377,1.863,0.134,0.884,1
8.481,-1.830,0.488,0.684,1
7.003,0.269,0.789,0.900,1
8.946,0.394,0.652,0.935,1
7.115,2.203,1.171,0.826,1
7.833,-2.470,1.018,0.723,1
5.240,-0.578,0.985,0.819,1
8.598,1.175,1.500,0.785,1
10.243,1.485,0.463,0.768,1
11.682,0.898,0.185,0.639,1
10.084,0.336,0.938,0.783,1
9.399,0.738,0.815,0.810,1
8.578,-0.927,0.416,0.809,1
5.150,1.390,1.239,0.706,1
6.976,-0.769,0.617,0.621,1
6.367,-0.674,0.156,0.638,1
7.231,-1.076,0.127,0.767,1
9.669,-1.010,0.433,0.775,1
5.581,0.562,0.677,0.684,1
6.661,0.512,1.678,0.911,1
7.847,0.239,0.031,0.821,1
11.414,0.095,1.388,0.693,1
8.617,0.654,0.985,0.837,1
9.788,-0.541,0.231,0.637,1
10.903,0.384,1.126,0.633,1
10.541,1.670,0.273,0.871,1
6.552,-1.367,0.967,0.698,1
6.494,1.432,0.950,0.639,1
5.725,1.365,1.104,0.921,1
11.401,0.406,0.317,0.706,1
10.072,0.285,0.554,0.856,1
11.975,-1.295,0.421,0.612,1
6.625,0.791,0.155,0.672,1
9.149,2.171,1.044,0.676,1
8.638,2.287,1.794,0.630,1
6.386,2.199,0.270,0.913,1
8.018,-0.375,1.389,0.906,1
6.654,-0.285,0.164,0.675,1
6.395,-2.028,0.935,0.878,1
11.281,0.700,1.752,0.759,1
8.836,1.173,0.259,0.851,1
5.264,-1.341,0.932,0.959,1
11.647,-0.701,0.538,0.920,1
5.444,1.988,0.897,0.882,1
7.202,-0.531,1.407,0.848,1
11.215,-0.598,1.737,0.798,1
6.775,-0.361,0.971,0.984,1
6.465,0.625,0.013,0.975,1
11.782,2.341,1.373,0.840,1
6.990,1.776,0.673,0.787,1
5.587,-0.964,1.296,0.764,1
7.023,-1.768,0.435,0.690,1
9.558,1.036,0.768,0.746,1
9.141,-1.961,0.243,0.663,1
8.787,0.304,1.415,0.859,1
5.557,1.727,0.231,0.880,1
6.599,2.247,0.229,0.672,1
9.213,0.488,1.302,0.884,1
5.765,-1.017,1.757,0.934,1
9.719,-0.016,0.133,0.613,1
7.790,0.939,0.087,0.830,1
10.283,-0.712,1.063,0.722,1
5.760,1.785,0.068,0.804,1
11.620,-1.614,0.670,0.727,1
6.303,1.082,0.810,0.677,1
7.184,0.941,1.055,0.991,1
5.795,1.856,1.095,0.605,1
10.452,1.945,1.597,0.838,1
11.752,-0.912,0.235,0.642,1
9.808,-1.129,0.769,0.961,1
10.732,-2.104,1.146,0.762,1
9.638,-1.008,0.071,0.677,1
7.454,-0.195,1.550,0.822,1
10.794,-0.940,0.542,0.770,1
9.222,-2.364,0.330,0.703,1
7.820,-0.766,1.502,0.655,1
10.259,1.994,0.584,0.701,1
8.785,-0.466,0.730,0.888,1
10.448,1.053,1.347,0.999,1
10.462,-0.610,1.548,0.601,1
6.018,-1.505,0.820,0.612,1
8.738,1.533,0.070,0.955,1
8.742,-0.095,1.708,0.907,1
7.545,-2.482,0.292,0.822,1
10.585,-0.266,1.561,0.859,1
11.697,-1.291,0.987,0.620,1
10.153,1.739,0.038,0.682,1
8.070,-0.463,0.932,0.803,1
9.346,0.552,0.770,0.757,1
6.652,-0.726,1.149,0.833,1
8.434,-0.771,1.203,0.947,1
9.489,1.826,1.564,0.953,1
6.279,1.428,0.978,0.894,1
8.600,2.032,0.304,0.925,1
11.211,-1.028,1.682,0.846,1
7.372,2.137,0.610,0.818,1
7.959,-0.567,0.708,0.674,1
8.712,-0.694,1.387,0.720,1
10.573,2.101,1.545,0.774,1
11.236,0.755,1.177,0.623,1
8.689,-1.908,0.043,0.788,1
7.269,-0.615,1.615,0.753,1
11.041,-0.736,0.988,0.851,1
10.577,-1.100,1.676,0.899,1
8.382,1.121,0.169,0.696,1
10.560,-2.413,1.505,0.901,1
9.178,-0.763,1.166,0.983,1
7.492,-0.454,1.196,0.999,1
6.698,-0.581,0.239,0.672,1
6.902,-0.571,0.693,0.998,1
10.120,0.883,0.909,0.656,1
8.350,-0.874,0.585,0.929,1
11.303,0.698,0.046,0.643,1
6.970,1.390,1.426,0.854,1
9.039,-1.016,0.700,0.851,1
9.870,0.174,1.489,0.733,1
6.913,-2.421,0.939,0.990,1
6.405,-1.081,0.821,0.731,1
8.778,-0.466,0.924,0.753,1
8.201,0.614,1.776,0.622,1
8.136,1.526,0.421,0.714,1
5.500,-1.787,0.105,0.703,1
9.551,-1.220,1.376,0.632,1
7.121,-0.498,0.573,0.917,1
8.174,2.033,0.812,0.665,1
10.433,-0.613,0.789,0.700,1
10.927,0.722,1.560,0.978,1
9.005,-0.415,0.373,0.794,1
5.770,2.137,0.156,0.979,1
8.879,-1.066,0.145,0.627,1
9.762,-1.610,0.370,0.780,1
9.835,1.175,0.012,0.780,1
5.752,-0.190,1.140,0.658,1
7.885,-0.483,0.448,0.636,1
11.916,0.150,1.200,0.980,1
6.724,-0.937,1.068,0.941,1
10.646,0.486,0.345,0.682,1
6.730,0.716,1.460,0.764,1
5.556,-2.177,0.773,0.796,1
11.515,2.490,1.012,0.807,1
9.906,-0.422,0.462,0.886,1
10.803,-1.967,1.249,0.940,1
7.891,-1.506,0.219,0.932,1
5.986,2.256,0.954,0.814,1
11.924,0.840,0.591,0.974,1
9.507,1.029,1.494,0.718,1
7.588,2.087,0.431,0.698,1
6.002,1.496,0.746,0.870,1
7.972,1.120,1.085,0.833,1
11.776,0.729,1.301,0.652,1
7.565,2.093,0.526,0.931,1
9.833,-0.999,1.783,0.701,1
6.502,2.076,1.124,0.677,1
8.873,0.510,0.988,0.854,1
5.585,1.010,0.669,0.997,1
9.583,2.341,1.240,0.656,1
9.188,-1.999,0.316,0.845,1
6.880,-0.947,0.694,0.680,1
5.049,1.092,0.488,0.983,1
7.442,-1.809,1.321,0.707,1
11.016,-1.552,0.436,0.855,1
9.519,0.012,0.556,0.619,1
10.279,-1.567,0.664,0.724,1
6.482,-0.306,0.093,0.901,1
6.034,-2.454,0.708,0.665,1
9.890,-2.366,0.220,0.767,1
10.292,-1.105,0.670,0.678,1
8.069,1.554,1.274,0.781,1
7.060,0.649,0.482,0.965,1
9.642,-2.348,0.785,0.974,1
9.119,-1.920,0.575,0.932,1
11.955,-2.429,1.107,0.688,1
10.546,-1.788,1.560,0.890,1
9.930,-0.756,0.725,0.625,1
10.188,-0.531,0.943,0.878,1
5.705,-1.559,1.581,0.695,1
7.920,1.941,1.238,0.932,1
11.213,-0.231,0.821,0.896,1
6.925,-0.185,1.102,0.912,1
5.542,-2.111,0.879,0.617,1
5.221,1.591,0.859,0.719,1
8.799,2.115,0.599,0.999,1
7.438,-1.643,0.328,0.928,1
5.501,-0.667,0.599,0.996,1
9.751,-0.710,1.442,0.695,1
9.268,-2.260,0.301,0.871,1
6.265,-1.374,1.771,0.720,1
11.585,-1.624,1.370,0.943,1
11.703,-2.126,0.464,0.830,1
6.355,0.245,0.594,0.926,1
10.648,0.834,0.115,0.757,1
9.298,1.513,1.632,0.747,1
10.097,0.430,1.610,0.952,1
9.071,-2.287,0.710,0.958,1
11.634,1.490,1.096,0.766,1
5.510,-0.427,1.404,0.971,1
10.240,0.998,0.444,0.696,1
10.993,-1.977,0.165,0.602,1
5.592,-0.286,0.463,0.978,1
7.829,1.625,1.180,0.960,1
5.607,0.654,1.095,0.773,1
5.299,0.122,0.268,0.984,1
8.825,-0.173,0.891,0.609,1
5.071,0.444,0.454,0.868,1
7.518,1.470,1.494,0.605,1
6.209,2.099,0.168,0.995,1
8.940,-1.422,0.692,0.734,1
11.791,-2.409,1.659,0.974,1
9.075,-1.459,1.206,0.683,1
9.050,0.619,1.661,0.763,1
7.603,-0.059,1.300,0.615,1
7.849,0.486,1.744,0.676,1
6.529,-1.159,0.089,0.705,1
10.186,1.422,0.826,0.729,1
9.245,1.369,0.388,0.882,1
7.041,-1.002,1.422,0.801,1
8.652,-1.528,0.730,0.912,1
8.658,1.067,0.916,0.821,1
11.535,2.357,1.546,0.630,1
5.313,-0.909,0.060,0.656,1
10.662,1.914,1.784,0.835,1
11.402,0.121,1.126,0.734,1
11.076,1.737,0.183,0.869,1
5.715,-2.326,0.217,0.718,1
7.629,-2.497,0.144,0.827,1
9.951,-2.100,0.730,0.890,1
5.715,-1.750,0.542,0.872,1
10.856,-0.405,0.564,0.722,1
7.210,2.061,0.207,0.828,1
8.291,-2.203,1.624,0.918,1
7.276,2.499,1.545,0.733,1
7.637,1.315,0.439,0.810,1
6.096,2.186,1.642,0.906,1
6.408,-0.034,0.597,0.726,1
9.594,-2.251,0.329,0.654,1
7.285,-0.782,0.281,0.629,1
5.100,1.845,0.030,0.863,1
9.752,-2.041,1.200,0.904,1
5.015,0.486,0.793,0.664,1
5.490,2.403,1.238,0.704,1
11.714,-0.343,0.067,0.950,1
9.671,-2.413,1.313,0.782,1
9.951,1.864,1.314,0.990,1
7.525,0.540,0.505,0.862,1
10.017,-2.237,0.624,0.601,1
11.651,-1.777,1.373,0.812,1
9.883,-0.541,0.722,0.651,1
8.591,1.643,0.688,0.805,1
9.583,-1.962,0.245,0.970,1
7.806,2.344,0.410,0.973,1
9.940,0.615,0.604,0.770,1
7.136,-2.001,0.229,0.833,1
10.987,0.642,1.710,0.646,1
8.957,1.894,1.628,0.675,1
5.442,0.809,1.390,0.671,1
10.486,1.305,0.708,0.739,1
8.439,1.171,1.179,0.965,1
6.154,-0.545,1.669,0.649,1
6.488,-0.808,0.244,0.844,1
6.464,0.628,1.064,0.622,1
6.270,-2.008,0.260,0.635,1
6.812,-1.822,1.365,0.834,1
5.260,2.153,0.984,0.972,1
9.714,1.592,0.122,0.682,1
9.721,-2.112,1.298,0.706,1
8.770,-1.526,0.580,0.722,1
10.634,-2.048,1.129,0.802,1
7.909,-1.589,1.480,0.951,1
5.520,-1.235,0.548,0.939,1
6.209,-1.499,1.572,0.953,1
7.938,2.029,0.540,0.964,1
11.661,-2.224,1.031,0.918,1
8.447,-1.133,0.570,0.738,1
9.067,0.648,1.290,0.834,1
8.048,-0.937,1.748,0.688,1
7.927,-1.464,1.665,0.942,1
8.760,-0.906,0.616,0.667,1
10.011,0.500,0.059,0.740,1
7.600,0.815,1.716,0.619,1
7.812,0.778,0.981,0.824,1
7.029,1.328,0.197,0.772,1
10.112,-1.011,1.514,0.903,1
10.313,0.171,1.289,0.652,1
7.840,0.925,0.018,0.784,1
5.977,2.155,0.975,0.771,1
7.652,-2.155,0.175,0.815,1
6.724,-0.145,1.367,0.891,1
6.232,0.362,0.568,0.853,1
10.402,-0.059,1.532,0.742,1
7.980,-1.459,0.955,0.978,1
8.268,1.867,1.482,0.853,1
9.953,2.457,1.304,0.837,1
7.395,-2.294,1.168,0.841,1
5.560,-0.984,1.488,0.870,1
11.890,0.941,0.466,0.958,1
8.101,-1.672,0.535,0.697,1
9.578,-1.499,0.088,0.715,1
5.315,-1.043,1.259,0.787,1
5.099,-1.806,0.691,0.845,1
8.098,-1.142,1.167,0.857,1
5.063,-1.926,1.115,0.948,1
7.957,1.803,0.284,0.630,1
5.796,0.459,0.740,0.952,1
5.961,0.503,0.420,0.881,1
10.618,0.168,0.420,0.601,1
7.447,0.095,1.410,0.723,1
10.291,1.734,1.569,0.881,1
8.314,1.134,1.023,0.830,1
6.133,-1.542,0.589,0.785,1
6.022,1.991,0.256,0.979,1
11.458,-0.245,1.175,0.676,1
8.216,2.408,1.335,0.903,1
6.760,1.903,0.649,0.962,1
6.777,-1.775,0.918,0.841,1
6.499,1.225,0.324,0.783,1
11.940,-1.454,1.173,0.841,1
9.946,-1.956,0.223,0.643,1
7.122,-0.274,1.240,0.900,1
7.674,0.537,1.134,0.999,1
6.134,0.227,1.530,0.815,1
10.138,1.209,1.324,0.634,1
7.613,-1.790,1.776,0.678,1
9.333,-0.864,0.802,0.705,1
9.018,1.027,1.213,0.636,1
9.017,-1.715,0.216,0.937,1
10.907,1.960,1.347,0.652,1
6.997,-1.373,1.774,0.764,1
9.492,1.036,1.742,0.960,1
5.254,2.326,1.696,0.741,1
8.810,-0.920,1.037,0.912,1
9.131,-0.707,1.423,0.940,1
10.095,0.162,0.533,0.983,1
10.220,1.225,1.004,0.837,1
9.104,-0.044,0.820,0.876,1
10.758,-0.599,1.174,0.860,1
8.876,-1.809,1.613,0.830,1
9.660,0.575,1.354,0.981,1
10.213,0.518,1.176,0.959,1
8.305,1.684,0.337,0.681,1
9.634,1.639,0.982,0.853,1
5.775,-1.358,0.095,0.746,1
6.628,0.839,1.187,0.753,1
6.590,-2.040,0.461,0.737,1
5.288,1.855,1.196,0.797,1
7.877,-0.866,1.097,0.869,1
9.117,-2.388,1.414,0.919,1
8.488,-1.185,0.758,0.790,1
11.749,1.164,0.443,0.704,1
5.665,-0.370,1.594,0.901,1
8.264,-1.717,1.090,0.976,1
10.162,2.349,1.186,0.648,1
10.200,2.377,0.166,0.973,1
11.502,-1.485,1.212,0.722,1
7.586,2.348,0.213,0.869,1
10.942,-0.986,1.620,0.624,1
5.125,0.991,1.418,0.764,1
9.987,2.423,0.934,0.633,1
11.907,1.579,0.933,0.726,1
5.366,-1.683,1.684,0.709,1
9.480,2.299,0.778,0.609,1
7.070,1.227,0.652,0.713,1
5.850,-1.884,0.778,0.742,1
8.393,-2.217,0.445,0.982,1
6.065,2.225,1.415,0.639,1
10.221,1.475,0.249,0.967,1
5.017,-0.536,1.599,0.724,1
10.690,-1.958,0.848,0.869,1
10.256,0.237,1.181,0.837,1
8.136,0.128,0.330,0.979,1
11.196,0.418,1.511,0.988,1
9.466,-1.186,1.610,0.638,1
8.547,0.283,0.630,0.863,1
7.504,0.659,0.899,0.799,1
5.581,-1.076,0.890,0.631,1
5.719,0.300,0.852,0.865,1
11.439,0.112,1.682,0.878,1
7.792,1.808,1.500,0.854,1
11.522,-1.720,1.752,0.662,1
9.597,1.703,1.489,0.885,1
8.635,-2.138,0.788,0.903,1
9.590,-1.372,0.553,0.676,1
8.525,-1.141,1.236,0.656,1
5.525,1.005,1.287,0.953,1
8.742,-0.527,0.530,0.636,1
5.961,-2.130,0.832,0.833,1
8.235,-0.281,0.290,0.763,1
8.798,1.147,1.567,0.665,1
11.354,-2.375,0.776,0.659,1
11.161,0.781,1.460,0.910,1
9.850,1.396,1.673,0.769,1
7.806,2.094,0.033,0.669,1
11.600,0.864,1.193,0.630,1
9.122,-0.409,0.392,0.833,1
6.208,-2.037,0.912,0.994,1
10.721,-2.250,0.800,0.801,1
8.600,-0.499,1.504,0.820,1
9.483,0.139,0.657,0.672,1
8.090,-1.174,1.289,0.711,1
5.095,-0.265,1.757,0.938,1
6.297,-0.690,1.283,0.715,1
5.718,2.166,1.016,0.642,1
6.801,0.213,1.797,0.686,1
9.239,0.557,0.276,0.719,1
6.435,-1.374,0.423,0.717,1
8.317,1.299,0.603,0.714,1
6.017,-2.196,0.281,0.901,1
5.771,-1.482,0.251,0.825,1
11.365,2.168,0.468,0.873,1
7.222,1.709,0.433,0.679,1
6.638,1.133,0.258,0.764,1
6.074,1.862,0.131,0.910,1
6.654,-1.373,1.208,0.650,1
11.049,1.626,1.310,0.835,1
5.513,-0.222,1.032,0.898,1
6.912,1.255,1.603,0.679,1
10.155,1.887,0.794,0.856,1
9.134,-2.005,0.216,0.997,1
9.412,0.169,0.506,0.967,1
10.641,1.579,0.248,0.980,1
5.926,0.281,0.253,0.925,1
5.537,1.566,1.368,0.863,1
10.576,0.632,0.226,0.613,1
10.809,1.177,0.617,0.837,1
10.989,-0.146,0.258,0.864,1
7.459,1.350,1.242,1.000,1
9.834,0.849,0.326,0.862,1
9.301,0.036,1.403,0.659,1
9.119,0.309,0.962,0.823,1
10.861,-2.338,1.501,0.802,1
10.824,1.405,1.530,0.813,1
5.007,-1.157,0.050,0.903,1
8.317,-1.523,0.865,0.842,1
10.889,0.826,1.469,0.889,1
8.809,-1.830,1.145,0.961,1
6.520,1.071,1.533,0.998,1
5.836,-0.077,1.459,0.643,1
11.096,0.347,0.141,0.736,1
11.307,0.672,0.914,0.996,1
10.461,0.339,0.070,0.768,1
8.232,0.621,1.592,0.846,1
5.772,-1.625,0.734,0.826,1
5.208,1.749,0.731,0.681,1
5.334,-0.270,0.408,0.782,1
6.731,1.613,1.761,0.933,1
6.010,-0.021,0.548,0.978,1
8.085,1.839,1.788,0.740,1
7.131,2.036,0.178,0.700,1
6.897,1.747,0.323,0.720,1
11.770,1.862,0.017,0.899,1
7.352,0.607,0.176,0.923,1
7.348,-1.547,0.803,0.629,1
8.371,-0.052,0.029,0.784,1
8.943,1.431,0.262,0.966,1
7.845,0.948,0.513,0.618,1
11.957,-1.140,1.622,0.743,1
8.294,2.442,1.689,0.790,1
7.655,1.883,0.733,0.737,1
7.106,0.589,0.603,0.856,1
6.462,-0.990,0.721,0.917,1
11.181,0.086,0.101,0.817,1
7.132,-0.629,0.114,0.700,1
5.576,1.755,0.700,0.936,1
7.799,-0.010,0.780,0.815,1
8.563,2.223,0.491,0.684,1
8.917,-1.961,1.080,0.832,1
11.312,2.442,0.265,0.621,1
11.775,2.202,0.596,0.838,1
5.776,2.007,0.442,0.848,1
8.955,-0.582,1.340,0.683,1
11.200,0.321,1.393,0.965,1
8.839,-1.826,1.020,0.724,1
8.091,1.141,0.968,0.910,1
8.878,0.018,0.498,0.938,1
8.278,0.234,1.280,0.730,1
10.203,-0.721,1.257,0.758,1
11.005,1.060,0.842,0.637,1
9.004,1.898,0.317,0.652,1
10.057,-1.928,0.624,0.806,1
5.922,-1.421,1.779,0.668,1
8.156,0.551,0.892,0.949,1
6.210,-1.110,1.567,0.710,1
6.157,0.327,0.867,0.993,1
10.942,-1.118,1.470,0.613,1
10.165,-1.047,0.432,0.825,1
5.731,-0.136,0.930,0.864,1
7.322,-0.113,1.109,0.706,1
7.244,0.348,0.786,0.992,1
9.515,-1.105,0.515,0.689,1
5.719,0.829,1.520,0.848,1
6.526,1.371,0.678,0.754,1
8.382,0.349,0.229,0.929,1
9.823,-1.090,1.007,0.788,1
10.591,1.204,1.601,0.877,1
6.163,-0.320,1.695,0.910,1
5.995,0.286,1.018,0.988,1
11.632,-0.202,0.025,0.670,1
8.249,-1.868,0.452,0.787,1
7.408,-1.134,0.197,0.989,1
8.430,-1.283,0.948,0.990,1
11.617,0.290,1.467,0.713,1
7.921,-0.551,0.901,0.695,1
10.241,1.217,0.691,0.784,1
5.943,-1.165,1.453,0.737,1
11.997,-0.932,0.594,0.988,1
11.156,1.914,1.109,0.734,1
6.681,-0.261,1.622,0.985,1
5.457,-0.273,1.556,0.784,1
6.250,-0.697,0.596,0.694,1
8.976,-0.678,0.498,0.826,1
11.695,2.293,0.970,0.696,1
11.051,-1.423,1.098,0.993,1
6.631,2.283,0.800,0.958,1
10.728,-1.684,0.133,0.676,1
9.245,0.120,1.173,0.794,1
7.269,-1.313,0.203,0.858,1
5.170,-1.882,1.247,0.724,1
10.517,-1.667,0.735,0.662,1
9.378,0.555,0.571,0.876,1
7.903,-1.933,0.825,0.629,1
9.842,-0.362,1.601,0.647,1
9.156,-1.359,0.076,0.959,1
11.146,-0.110,0.431,0.822,1
6.261,-1.998,1.599,0.768,1
6.668,-1.769,1.607,1.000,1
5.476,-1.998,0.440,0.897,1
11.206,2.309,1.796,0.914,1
9.696,-1.890,0.333,0.652,1
7.533,-0.209,1.228,0.623,1
8.261,0.394,0.648,0.797,1
11.724,-1.108,1.186,0.827,1
7.719,2.183,1.447,0.949,1
11.768,-2.422,1.614,0.771,1
8.746,0.471,0.047,0.711,1
6.528,2.197,1.069,0.668,1
5.497,1.746,1.412,0.603,1
11.138,0.265,1.250,0.941,1
7.328,0.849,1.157,0.691,1
11.176,1.566,0.093,0.777,1
8.424,-1.816,0.070,0.711,1
9.062,-0.170,0.466,0.793,1
5.604,-0.132,1.748,0.686,1
7.897,-0.601,0.977,0.628,1
5.036,-1.651,1.077,0.817,1
9.311,1.004,1.132,0.959,1
11.640,1.807,0.632,0.783,1
7.131,0.570,1.537,0.871,1
5.145,0.832,1.213,0.918,1
7.475,0.328,1.361,0.930,1
11.198,-1.065,0.125,0.766,1
5.774,0.913,1.674,0.943,1
8.878,0.004,0.563,0.760,1
7.569,-0.244,0.144,0.669,1
10.331,2.295,1.712,0.805,1
5.720,-2.107,0.291,0.871,1
5.690,0.366,0.858,0.750,1
7.203,1.663,0.427,0.715,1
8.066,-1.619,1.644,0.677,1
8.465,-0.828,0.023,0.681,1
11.797,-1.345,0.537,0.941,1
9.155,1.735,0.174,0.666,1
8.599,0.998,1.661,0.884,1
7.348,-0.457,1.430,0.940,1
7.102,1.930,1.422,0.666,1
11.928,-0.506,0.508,0.734,1
6.927,1.230,1.690,0.937,1
5.594,-1.632,0.363,0.979,1
10.285,-0.246,0.745,0.849,1
5.606,-0.369,1.251,0.956,1
6.792,0.733,0.296,0.814,1
6.594,2.472,1.255,0.925,1
6.821,0.618,1.748,0.870,1
6.431,-0.420,0.406,0.954,1
10.396,-2.348,1.590,0.830,1
6.038,-0.086,0.722,0.839,1
7.894,-0.383,1.414,0.789,1
8.345,2.260,0.562,0.618,1
9.744,-0.420,0.241,0.762,1
6.324,-0.416,0.979,0.630,1
9.087,0.611,0.716,0.862,1
7.555,2.087,0.756,0.739,1
6.636,-1.811,1.707,0.898,1
5.309,-2.326,0.560,0.625,1
11.763,0.967,0.208,0.654,1
6.860,0.260,1.303,0.677,1
7.718,0.451,1.002,0.766,1
5.220,0.904,1.473,0.705,1
10.102,1.856,0.132,0.843,1
7.965,-1.812,0.346,0.617,1
10.680,0.579,0.727,0.819,1
8.437,1.207,0.038,0.848,1
5.424,1.379,0.886,0.970,1
11.283,-1.627,1.454,0.982,1
9.072,-0.204,1.223,0.659,1
6.472,-1.147,0.198,0.952,1
9.409,0.498,0.547,0.963,1
6.179,1.033,0.467,0.656,1
10.798,0.556,0.493,0.683,1
10.100,0.557,0.758,0.879,1
7.831,1.841,0.745,0.854,1
10.012,1.128,0.564,0.848,1
9.561,0.577,0.731,0.744,1
6.750,-1.610,0.699,0.739,1
7.189,-1.924,0.372,0.656,1
9.573,-1.245,0.221,0.727,1
-5.663,2.150,0.255,0.407,2
-4.053,4.191,0.365,0.637,2
-4.750,2.986,0.025,0.659,2
-5.956,2.507,0.976,0.613,2
-4.985,3.665,0.956,0.676,2
-3.344,4.112,1.073,0.488,2
-4.050,3.838,1.302,0.511,2
-5.303,4.170,1.468,0.562,2
-3.258,2.008,0.956,0.548,2
-4.272,3.542,1.699,0.425,2
-5.034,4.396,0.132,0.504,2
-5.802,3.856,1.477,0.746,2
-3.575,4.116,1.554,0.653,2
-5.949,4.515,0.269,0.518,2
-3.846,3.596,0.247,0.713,2
-3.607,4.325,0.568,0.568,2
-3.986,3.115,0.730,0.444,2
-4.166,2.498,0.402,0.454,2
-3.705,2.416,0.555,0.434,2
-3.486,2.592,0.316,0.461,2
-3.838,2.836,0.158,0.554,2
-5.594,4.305,1.238,0.460,2
-3.010,3.003,1.635,0.556,2
-4.857,3.851,0.646,0.748,2
-5.904,3.657,0.172,0.779,2
-3.908,4.961,0.358,0.611,2
-4.183,3.666,0.147,0.709,2
-4.930,3.290,0.899,0.646,2
-5.713,4.405,0.192,0.409,2
-4.407,3.729,0.110,0.602,2
-5.333,4.456,1.658,0.603,2
-4.028,4.481,0.541,0.771,2
-3.178,4.658,0.315,0.763,2
-3.142,2.220,0.023,0.753,2
-5.727,2.874,0.148,0.590,2
-3.066,3.550,1.444,0.750,2
-3.693,2.501,0.894,0.608,2
-5.451,2.768,0.429,0.406,2
-5.358,2.495,1.379,0.651,2
-5.256,4.254,1.013,0.407,2
-3.473,3.365,1.263,0.701,2
-4.810,4.657,1.364,0.455,2
-4.960,2.087,0.481,0.486,2
-4.765,3.385,0.747,0.794,2
-5.210,2.206,1.455,0.569,2
-5.925,3.564,1.193,0.453,2
-4.512,2.865,0.953,0.766,2
-3.028,4.800,0.458,0.659,2
-3.022,3.439,1.655,0.402,2
-3.675,4.631,0.104,0.412,2
-4.060,2.711,0.216,0.424,2
-3.980,3.179,1.556,0.777,2
-3.302,2.877,0.493,0.786,2
-3.668,3.701,0.758,0.790,2
-5.460,2.330,0.816,0.522,2
-3.389,2.551,1.061,0.528,2
-3.242,4.322,0.776,0.742,2
-4.869,3.444,1.174,0.689,2
-5.478,4.789,1.488,0.539,2
-4.059,2.441,0.089,0.458,2
-4.606,2.757,0.702,0.797,2
-5.719,4.468,1.075,0.529,2
-3.692,4.956,0.663,0.655,2
-5.122,4.548,0.360,0.586,2
-3.196,4.343,1.140,0.578,2
-4.605,3.276,0.319,0.423,2
-5.763,2.224,0.350,0.420,2
-5.415,3.754,0.706,0.785,2
-3.006,2.374,1.002,0.781,2
-5.124,3.478,0.533,0.575,2
-5.445,2.155,0.248,0.559,2
-3.763,3.314,0.666,0.769,2
-3.403,2.101,0.931,0.401,2
-5.674,3.544,0.509,0.691,2
-4.327,2.565,1.327,0.648,2
-4.505,3.263,1.544,0.598,2
-5.237,2.717,0.468,0.758,2
-4.590,4.174,1.391,0.553,2
-5.178,3.823,0.478,0.658,2
-3.170,2.095,0.980,0.674,2
-3.657,3.228,0.150,0.687,2
-4.138,2.561,1.552,0.518,2
-4.972,3.830,0.056,0.708,2
-5.639,2.467,1.504,0.587,2
-4.085,3.318,1.138,0.487,2
-5.833,3.583,0.245,0.664,2
-5.177,3.163,0.628,0.401,2
-3.866,4.439,0.701,0.560,2
-3.372,2.140,1.051,0.599,2
-3.198,4.982,0.011,0.460,2
-4.320,3.016,0.332,0.504,2
-3.400,4.165,1.509,0.668,2
-3.824,2.001,0.560,0.461,2
-4.330,4.654,0.430,0.508,2
-5.230,3.932,1.132,0.522,2
-5.162,2.372,1.000,0.655,2
-4.547,4.544,1.204,0.720,2
-5.715,2.881,0.629,0.453,2
-5.670,4.824,0.127,0.618,2
-4.263,2.224,0.220,0.750,2
-3.215,4.159,0.322,0.494,2
-3.442,4.278,0.379,0.530,2
-3.226,4.067,1.149,0.729,2
-4.249,2.585,0.806,0.755,2
-5.589,4.236,1.515,0.589,2
-3.429,3.979,0.714,0.535,2
-5.636,3.969,1.263,0.459,2
-3.747,4.962,0.327,0.488,2
-3.226,4.072,0.118,0.407,2
-5.728,2.684,1.687,0.500,2
-5.621,3.708,0.226,0.674,2
-4.205,4.172,1.237,0.574,2
-4.801,2.179,1.526,0.606,2
-5.493,3.902,1.532,0.574,2
-5.646,2.541,1.583,0.689,2
-3.150,3.216,1.585,0.656,2
-3.444,4.808,1.320,0.557,2
-5.078,4.201,0.023,0.646,2
-4.577,4.493,0.327,0.608,2
-4.764,2.401,1.430,0.704,2
-3.152,2.289,1.334,0.412,2
-5.212,2.288,1.145,0.410,2
-4.583,4.463,1.199,0.430,2
-3.160,3.134,0.909,0.602,2
-4.194,2.240,0.287,0.601,2
-5.983,4.900,0.183,0.418,2
-3.484,4.875,1.681,0.497,2
-3.720,2.362,1.387,0.404,2
-3.404,3.880,0.069,0.759,2
-5.594,4.034,1.101,0.797,2
-3.116,2.667,1.411,0.401,2
-3.914,2.238,0.461,0.522,2
-4.774,2.100,1.291,0.570,2
-3.255,3.383,0.132,0.781,2
-5.262,3.238,0.482,0.563,2
-4.244,2.298,1.696,0.613,2
-3.914,2.068,1.164,0.505,2
-4.739,4.221,0.447,0.697,2
-4.998,3.491,0.392,0.742,2
-3.069,3.433,0.035,0.660,2
-5.624,3.507,0.921,0.692,2
-3.722,2.167,1.584,0.588,2
-5.938,4.258,1.123,0.601,2
-4.798,4.876,1.067,0.676,2
-4.159,4.342,0.647,0.547,2
-4.903,3.540,1.215,0.444,2
-4.708,3.119,1.264,0.644,2
-3.417,4.212,1.458,0.478,2
-3.987,3.130,1.670,0.460,2
-5.708,3.469,1.038,0.641,2
-5.463,2.948,0.136,0.512,2
-4.729,4.030,0.343,0.597,2
-5.455,3.059,0.490,0.741,2
-3.050,4.103,1.690,0.663,2
-5.171,3.330,1.182,0.794,2
-4.545,4.283,1.015,0.477,2
-3.620,4.265,0.403,0.435,2
-3.892,4.960,0.789,0.710,2
-4.236,2.804,1.629,0.678,2
-4.557,2.159,0.578,0.435,2
-5.444,2.676,0.616,0.595,2
-5.413,4.890,0.564,0.791,2
-4.081,4.279,0.577,0.477,2
-3.837,2.652,0.057,0.501,2
-4.985,4.722,1.325,0.432,2
-5.436,3.363,1.319,0.420,2
-5.901,3.915,1.615,0.665,2
-3.455,4.120,0.051,0.406,2
-5.421,3.823,0.518,0.750,2
-5.888,3.672,0.396,0.706,2
-4.428,4.969,1.590,0.800,2
-5.715,3.280,0.742,0.747,2
-4.565,3.329,1.180,0.459,2
-4.163,2.691,0.126,0.640,2
-5.205,3.188,0.722,0.664,2
-3.908,3.049,0.089,0.507,2
-3.995,3.842,1.630,0.664,2
-5.143,2.793,0.535,0.553,2
-4.007,3.804,1.696,0.643,2
-5.626,4.769,0.303,0.691,2
-4.930,4.907,0.339,0.630,2
-4.292,2.941,1.269,0.499,2
-3.756,3.364,0.316,0.742,2
-5.140,2.547,0.773,0.477,2
-4.705,2.804,0.637,0.587,2
-3.440,3.621,1.515,0.482,2
-5.392,3.470,1.647,0.611,2
-4.161,3.720,1.255,0.554,2
-5.661,4.209,1.197,0.670,2
-4.596,2.579,0.406,0.730,2
-4.938,3.177,0.084,0.509,2
-3.014,4.132,0.870,0.499,2
-4.385,2.437,0.025,0.643,2
-3.645,4.205,0.984,0.644,2
-5.644,2.429,0.807,0.576,2
-4.351,3.383,0.387,0.693,2
-5.711,4.771,1.021,0.734,2
-3.526,3.055,0.239,0.768,2
-5.624,2.807,0.604,0.600,2
-4.567,2.482,0.041,0.776,2
-3.714,2.162,1.556,0.531,2
-4.604,2.728,1.276,0.409,2
-5.055,2.334,1.178,0.740,2
-3.794,3.771,1.069,0.659,2
-4.586,4.906,1.483,0.638,2
-4.440,3.102,0.223,0.788,2
-3.532,3.846,1.129,0.456,2
-5.611,2.914,0.648,0.635,2
-5.650,4.612,1.383,0.403,2
-3.003,2.597,1.147,0.770,2
-3.046,3.547,0.504,0.481,2
-3.402,3.061,1.116,0.653,2
-4.214,2.636,0.725,0.464,2
-5.775,2.301,0.114,0.498,2
-5.480,4.299,0.244,0.596,2
-4.615,2.463,0.654,0.595,2
-4.184,2.386,1.481,0.509,2
-4.922,2.043,0.315,0.630,2
-3.216,3.117,1.190,0.473,2
-3.665,2.965,1.036,0.574,2
-5.443,4.124,1.362,0.609,2
-4.065,2.925,0.991,0.511,2
-5.356,4.901,1.229,0.800,2
-5.005,4.349,0.001,0.706,2
-5.503,2.977,0.952,0.740,2
-5.235,3.276,0.574,0.541,2
-4.761,4.651,1.320,0.695,2
-4.036,2.486,1.078,0.685,2
-3.394,3.890,0.757,0.631,2
-5.507,4.291,0.692,0.668,2
-4.327,4.633,1.406,0.669,2
-3.467,2.403,1.386,0.738,2
-3.408,3.508,1.484,0.494,2
-4.027,2.733,1.258,0.646,2
-3.259,3.728,0.697,0.507,2
-5.205,3.456,0.313,0.533,2
-3.665,2.948,1.196,0.689,2
-4.738,2.995,0.436,0.559,2
-3.134,3.058,1.498,0.486,2
-4.742,2.645,0.106,0.476,2
-3.205,4.610,0.763,0.768,2
-5.188,4.392,0.069,0.406,2
-3.678,2.371,0.716,0.752,2
-3.531,2.208,0.477,0.443,2
-3.697,2.107,1.508,0.568,2
-3.734,3.416,0.407,0.453,2
-5.563,3.235,1.310,0.417,2
-3.610,2.568,0.402,0.719,2
-5.749,2.291,1.061,0.557,2
-5.000,4.193,1.103,0.690,2
-5.366,2.321,0.077,0.613,2
-4.061,4.712,0.365,0.722,2
-4.020,3.995,0.480,0.521,2
-3.055,3.900,0.159,0.416,2
-4.305,4.328,1.028,0.497,2
-4.914,3.548,0.713,0.410,2
-5.209,3.114,0.088,0.419,2
-3.910,2.615,0.230,0.663,2
-4.224,2.403,0.212,0.420,2
-4.252,4.563,0.118,0.455,2
-5.784,4.685,0.176,0.547,2
-3.292,2.008,1.539,0.640,2
-5.884,4.907,1.122,0.568,2
-5.001,2.534,0.417,0.560,2
-4.273,2.986,0.861,0.479,2
-4.189,3.208,0.026,0.753,2
-4.073,2.159,1.116,0.781,2
-5.934,2.642,1.638,0.720,2
-5.754,3.816,0.698,0.500,2
-5.482,3.189,0.759,0.709,2
-3.952,3.647,1.557,0.725,2
-4.996,2.407,0.777,0.791,2
-3.896,4.718,0.896,0.757,2
-3.484,4.791,1.234,0.525,2
-3.408,2.686,1.350,0.794,2
-4.423,2.837,1.045,0.614,2
-5.879,2.856,0.243,0.622,2
-3.087,3.716,0.680,0.685,2
-4.992,3.316,1.170,0.766,2
-4.932,4.175,0.071,0.447,2
-3.315,4.068,0.941,0.716,2
-5.865,2.601,0.038,0.555,2
-4.652,2.914,1.543,0.664,2
-5.850,3.348,0.236,0.800,2
-5.840,3.963,1.613,0.593,2
-4.504,2.301,1.469,0.736,2
-4.790,3.862,0.162,0.753,2
-5.170,3.537,0.825,0.498,2
-4.280,2.667,0.422,0.421,2
-3.746,4.535,1.659,0.440,2
-5.443,2.915,0.135,0.746,2
-3.291,2.243,1.536,0.760,2
-3.342,3.214,0.343,0.695,2
-3.420,3.082,0.709,0.487,2
-4.459,2.467,0.372,0.775,2
-3.860,3.620,0.900,0.796,2
-4.230,4.801,1.333,0.554,2
-4.017,3.817,0.085,0.625,2
-4.701,2.320,1.074,0.671,2
-5.277,4.398,1.412,0.738,2
-5.142,2.156,1.571,0.778,2
-4.540,3.135,1.461,0.468,2
-4.782,3.061,1.078,0.789,2
-5.330,2.061,0.337,0.540,2
-4.496,4.300,0.944,0.784,2
-3.906,4.562,1.416,0.561,2
-4.676,3.560,1.561,0.567,2
-3.308,4.718,1.160,0.650,2
-5.227,4.579,0.458,0.642,2
-3.046,4.477,1.063,0.402,2
-4.825,3.033,0.188,0.413,2
-3.922,2.308,0.534,0.655,2
-4.281,2.100,1.505,0.686,2
-3.718,4.781,0.674,0.481,2
-4.829,3.684,0.986,0.735,2
-3.498,4.655,0.279,0.656,2
-5.465,3.409,1.356,0.595,2
-5.091,3.101,0.705,0.688,2
-5.984,2.702,0.666,0.703,2
-3.541,4.503,0.790,0.691,2
-3.583,3.964,0.409,0.659,2
-3.585,4.351,0.797,0.788,2
-4.010,2.875,1.183,0.630,2
-3.691,3.187,1.518,0.425,2
-3.886,3.437,0.360,0.541,2
-5.668,3.880,1.129,0.433,2
-4.980,4.682,0.629,0.645,2
-3.336,4.513,0.810,0.532,2
-3.243,2.542,1.404,0.464,2
-5.420,2.242,0.626,0.528,2
-3.447,3.675,1.430,0.781,2
-5.564,4.271,0.307,0.562,2
-3.743,2.519,0.176,0.497,2
-4.799,3.699,0.122,0.402,2
-4.047,2.006,1.053,0.416,2
-5.574,4.058,0.165,0.465,2
-4.628,3.147,0.773,0.422,2
-4.990,3.250,0.427,0.685,2
-5.084,3.605,0.599,0.539,2
-5.428,3.237,0.126,0.528,2
-4.697,4.415,1.326,0.676,2
-5.041,3.832,1.462,0.452,2
-5.706,4.654,1.061,0.756,2
-4.432,3.672,1.434,0.411,2
-5.332,2.444,1.221,0.672,2
-3.206,2.332,1.240,0.713,2
-4.581,3.774,1.491,0.628,2
-4.055,2.234,0.242,0.709,2
-3.567,2.373,0.715,0.458,2
-4.490,3.505,0.073,0.733,2
-3.279,4.043,1.488,0.702,2
-5.683,3.816,1.258,0.505,2
-4.394,3.819,0.345,0.740,2
-4.348,2.210,1.346,0.643,2
-3.083,4.218,0.849,0.511,2
-5.737,3.187,0.721,0.535,2
-5.799,4.845,1.403,0.729,2
-3.307,4.292,0.062,0.534,2
-4.285,3.224,0.741,0.628,2
-4.761,2.088,1.467,0.571,2
-5.048,4.299,1.341,0.748,2
-5.817,2.121,1.501,0.498,2
-3.890,4.689,0.366,0.579,2
-3.528,3.333,1.037,0.546,2
-3.775,3.032,0.246,0.576,2
-4.445,3.552,1.210,0.787,2
-4.972,3.507,0.848,0.767,2
-4.434,3.111,0.545,0.475,2
-3.563,3.225,0.864,0.762,2
-5.232,4.567,0.112,0.797,2
-3.155,3.584,1.464,0.691,2
-5.851,3.836,0.851,0.512,2
-5.445,4.429,1.677,0.730,2
-5.118,4.999,1.178,0.630,2
-5.227,2.786,0.064,0.759,2
-5.327,3.441,0.441,0.677,2
-3.947,3.083,0.288,0.460,2
-3.697,4.532,1.479,0.611,2
-5.899,3.790,0.387,0.713,2
-3.032,2.008,1.507,0.580,2
-3.154,4.116,1.533,0.619,2
-3.093,3.641,0.422,0.719,2
-5.293,4.458,0.479,0.629,2
-5.958,4.117,0.272,0.503,2
-5.348,2.574,0.432,0.737,2
-4.449,3.851,0.579,0.616,2
-4.148,3.323,1.032,0.429,2
-4.680,4.743,1.554,0.666,2
-4.753,3.317,1.507,0.663,2
-5.056,3.177,1.670,0.669,2
-4.484,3.049,0.764,0.596,2
-4.565,2.777,1.001,0.551,2
-4.379,4.760,0.133,0.768,2
-3.463,3.283,0.826,0.559,2
-5.595,2.097,0.970,0.675,2
-3.582,3.501,0.575,0.643,2
-3.512,4.790,1.092,0.550,2
-3.684,2.831,0.585,0.501,2
-5.242,4.884,1.451,0.672,2
-5.606,2.869,0.063,0.640,2
10.680,7.499,0.481,0.317,3
10.200,7.138,1.387,0.487,3
13.432,7.068,2.123,0.375,3
11.379,7.131,2.271,0.271,3
15.990,7.234,2.769,0.477,3
13.930,7.144,2.775,0.220,3
10.099,7.206,2.253,0.232,3
17.429,7.158,0.730,0.435,3
17.522,7.128,1.322,0.432,3
13.687,7.285,1.500,0.268,3
17.157,7.419,1.261,0.235,3
14.199,7.302,1.849,0.451,3
17.616,7.225,1.648,0.284,3
13.922,7.222,0.694,0.436,3
14.175,7.059,0.156,0.454,3
15.666,7.415,0.719,0.335,3
12.201,7.063,1.116,0.321,3
11.792,7.200,0.041,0.274,3
13.162,7.447,2.676,0.472,3
14.722,7.104,2.263,0.293,3
14.478,7.101,3.328,0.360,3
13.430,7.414,0.960,0.410,3
15.734,7.388,1.220,0.384,3
11.227,7.418,2.269,0.400,3
14.546,7.430,3.219,0.345,3
11.637,7.184,0.354,0.215,3
17.828,7.413,0.239,0.412,3
14.441,7.220,2.361,0.496,3
15.513,7.376,3.258,0.231,3
16.935,7.076,2.776,0.397,3
17.733,7.188,0.909,0.281,3
16.005,7.259,1.548,0.376,3
14.807,7.480,1.703,0.236,3
17.825,7.078,1.293,0.282,3
15.540,7.373,3.285,0.366,3
15.702,7.294,0.976,0.254,3
15.717,7.429,2.114,0.394,3
16.944,7.333,3.175,0.213,3
16.713,7.213,0.157,0.371,3
15.505,7.001,0.204,0.289,3
12.211,7.486,1.297,0.431,3
14.067,7.495,2.112,0.352,3
12.760,7.323,0.681,0.399,3
14.135,7.191,1.794,0.316,3
16.859,7.134,1.951,0.227,3
13.380,7.201,1.654,0.389,3
12.010,7.287,1.657,0.404,3
11.896,7.368,2.330,0.260,3
13.482,7.205,0.389,0.390,3
15.783,7.037,0.291,0.354,3
17.930,7.353,1.454,0.395,3
10.617,7.471,1.737,0.441,3
10.069,7.139,2.602,0.382,3
14.926,7.043,0.080,0.293,3
10.478,7.122,0.786,0.425,3
12.295,7.044,2.557,0.365,3
12.615,7.121,2.661,0.462,3
15.744,7.006,0.063,0.457,3
10.227,7.331,2.273,0.466,3
17.879,7.329,3.250,0.438,3
12.063,7.097,3.106,0.306,3
15.818,7.090,1.261,0.215,3
14.350,7.272,2.166,0.385,3
10.531,7.033,3.340,0.265,3
12.914,7.174,2.088,0.418,3
11.258,7.183,2.179,0.251,3
17.117,7.091,0.489,0.240,3
12.300,7.014,3.374,0.298,3
15.495,7.079,2.263,0.326,3
12.934,7.299,2.262,0.254,3
11.318,7.135,0.261,0.247,3
14.304,7.023,1.333,0.237,3
13.279,7.352,1.291,0.391,3
14.843,7.397,1.998,0.345,3
12.307,7.373,1.623,0.449,3
17.325,7.299,0.184,0.218,3
16.199,7.269,2.400,0.272,3
11.551,7.182,3.425,0.236,3
13.265,7.313,0.773,0.407,3
12.089,7.191,0.825,0.265,3
16.875,7.045,0.406,0.249,3
14.585,7.287,0.715,0.390,3
14.571,7.374,1.886,0.461,3
16.963,7.053,0.705,0.490,3
16.392,7.150,1.826,0.268,3
12.488,7.238,3.421,0.358,3
10.260,7.116,1.662,0.358,3
16.974,7.002,1.925,0.212,3
16.700,7.461,1.438,0.251,3
10.119,7.056,2.054,0.478,3
11.432,7.470,2.322,0.275,3
12.978,7.112,2.589,0.390,3
17.131,7.136,2.318,0.206,3
13.122,7.091,2.790,0.290,3
13.751,7.088,1.101,0.356,3
10.816,7.007,1.932,0.320,3
12.905,7.360,2.597,0.390,3
13.183,7.231,0.411,0.351,3
17.440,7.290,2.206,0.284,3
15.036,7.125,2.276,0.496,3
10.537,7.453,0.211,0.227,3
14.118,7.142,2.178,0.350,3
10.855,7.288,3.460,0.450,3
16.556,7.120,2.265,0.273,3
16.447,7.060,2.560,0.273,3
16.473,7.064,0.276,0.431,3
12.143,7.394,3.382,0.500,3
11.178,7.029,1.990,0.444,3
10.453,7.109,0.493,0.357,3
15.431,7.023,3.347,0.410,3
17.148,7.229,2.838,0.221,3
11.544,7.278,3.396,0.456,3
12.308,7.064,2.255,0.404,3
11.516,7.479,1.773,0.328,3
14.119,7.411,1.314,0.491,3
15.729,7.432,2.044,0.344,3
12.438,7.316,2.136,0.216,3
16.356,7.007,1.662,0.355,3
10.516,7.450,1.906,0.229,3
16.344,7.120,3.297,0.465,3
11.100,7.394,2.190,0.337,3
13.503,7.215,3.465,0.411,3
15.989,7.388,3.072,0.296,3
14.297,7.016,0.980,0.304,3
17.483,7.301,3.186,0.202,3
10.982,7.085,1.257,0.457,3
16.512,7.432,0.702,0.484,3
12.347,7.492,0.238,0.351,3
15.214,7.228,1.889,0.347,3
11.486,7.427,1.885,0.407,3
11.647,7.302,2.338,0.346,3
11.175,7.164,2.584,0.444,3
17.064,7.176,1.625,0.382,3
12.971,7.128,2.742,0.369,3
10.976,7.056,1.846,0.478,3
16.139,7.100,1.218,0.231,3
14.588,7.143,0.568,0.419,3
17.024,7.275,0.437,0.451,3
11.456,7.298,1.447,0.434,3
10.973,7.090,0.039,0.455,3
11.894,7.207,0.526,0.336,3
17.235,7.349,0.589,0.335,3
11.111,7.477,2.026,0.483,3
11.085,7.169,2.719,0.468,3
17.965,7.263,3.354,0.409,3
11.481,7.407,0.355,0.415,3
16.304,7.264,1.684,0.299,3
17.279,7.234,2.045,0.424,3
15.323,7.115,1.339,0.206,3
12.680,7.437,1.053,0.231,3
12.101,7.321,1.898,0.327,3
15.940,7.103,1.282,0.420,3
14.466,7.293,1.623,0.203,3
13.297,7.084,1.962,0.446,3
12.202,7.252,1.290,0.328,3
16.519,7.005,2.328,0.487,3
16.271,7.500,0.607,0.440,3
13.493,7.463,1.762,0.204,3
14.283,7.044,1.339,0.494,3
10.780,7.226,3.113,0.445,3
13.070,7.246,1.949,0.345,3
10.581,7.013,3.234,0.339,3
16.890,7.356,3.106,0.336,3
16.784,7.285,2.864,0.348,3
11.088,7.453,0.719,0.468,3
12.135,7.007,3.052,0.301,3
11.642,7.301,1.614,0.381,3
13.172,7.089,1.016,0.434,3
15.213,7.323,2.257,0.433,3
15.634,7.278,0.485,0.238,3
12.142,7.082,2.062,0.412,3
12.229,7.418,2.016,0.325,3
15.300,7.158,1.440,0.487,3
14.406,7.437,3.430,0.408,3
17.795,7.424,3.070,0.250,3
15.709,7.276,1.615,0.240,3
11.780,7.197,0.613,0.252,3
12.276,7.475,2.233,0.348,3
15.276,7.347,1.232,0.243,3
15.534,7.420,0.770,0.231,3
14.792,7.335,2.141,0.253,3
10.915,7.487,1.974,0.316,3
14.009,7.433,1.198,0.477,3
16.996,7.023,2.364,0.428,3
17.350,7.302,2.497,0.271,3
15.078,7.152,1.826,0.447,3
13.005,7.271,0.728,0.469,3
15.383,7.387,2.136,0.395,3
16.404,7.314,0.001,0.418,3
16.891,7.495,2.951,0.273,3
14.226,7.276,0.046,0.268,3
11.029,7.026,0.207,0.319,3
16.952,7.485,2.932,0.222,3
16.512,7.449,1.785,0.384,3
16.171,7.483,3.068,0.326,3
16.591,7.078,0.310,0.275,3
10.828,7.036,1.359,0.421,3
17.717,7.297,2.618,0.329,3
14.946,7.380,1.182,0.412,3
17.540,7.441,1.727,0.484,3
16.902,7.152,0.338,0.336,3
11.776,7.459,2.866,0.447,3
11.648,7.434,2.663,0.243,3
10.949,7.492,2.154,0.310,3
16.594,7.422,1.278,0.436,3
10.892,7.391,1.213,0.264,3
17.386,7.444,2.975,0.420,3
13.050,7.368,1.927,0.300,3
11.577,7.348,0.885,0.425,3
17.426,7.137,0.215,0.440,3
15.315,7.404,3.493,0.213,3
15.154,7.295,2.530,0.435,3
15.769,7.084,0.598,0.446,3
13.747,7.192,1.824,0.456,3
13.178,7.438,1.331,0.206,3
13.400,7.214,1.867,0.320,3
14.087,7.102,1.823,0.419,3
14.967,7.485,0.073,0.336,3
13.212,7.013,2.039,0.230,3
12.082,7.308,0.154,0.345,3
16.870,7.142,2.286,0.260,3
13.207,7.414,3.179,0.246,3
16.423,7.497,0.303,0.492,3
17.144,7.103,0.377,0.270,3
14.475,7.017,0.365,0.410,3
14.725,7.468,1.354,0.341,3
13.671,7.158,1.348,0.335,3
15.594,7.339,1.459,0.235,3
10.328,7.444,1.478,0.380,3
11.464,7.406,0.449,0.355,3
12.555,7.019,1.230,0.216,3
17.705,7.032,2.508,0.391,3
13.458,7.264,1.366,0.264,3
15.118,7.101,2.836,0.447,3
17.577,7.019,0.863,0.343,3
17.141,7.070,1.769,0.442,3
14.825,7.479,2.384,0.276,3
11.036,7.032,2.361,0.406,3
15.554,7.466,2.852,0.354,3
15.823,7.376,0.605,0.330,3
10.829,7.165,0.838,0.414,3
14.357,7.410,1.566,0.492,3
14.647,7.064,2.003,0.226,3
17.248,7.156,2.462,0.463,3
12.086,7.215,0.940,0.303,3
16.842,7.440,2.123,0.233,3
14.201,7.292,3.171,0.358,3
17.556,7.265,0.583,0.470,3
15.975,7.083,1.090,0.393,3
14.869,7.475,0.388,0.480,3
11.076,7.315,1.343,0.360,3
11.768,7.059,1.925,0.308,3
13.567,7.324,2.082,0.227,3
15.888,7.081,1.418,0.305,3
15.021,7.230,1.511,0.321,3
14.203,7.355,1.153,0.453,3
12.469,7.023,3.198,0.239,3
11.230,7.351,1.671,0.272,3
14.844,7.404,1.071,0.498,3
13.127,7.367,2.268,0.442,3
15.853,7.469,1.613,0.447,3
17.715,7.490,2.641,0.379,3
17.422,7.303,0.256,0.466,3
12.813,7.052,1.516,0.455,3
14.704,7.384,3.215,0.338,3
14.315,7.126,1.705,0.430,3
13.285,7.153,3.429,0.324,3
17.479,7.338,3.402,0.428,3
12.124,7.346,0.627,0.443,3
13.067,7.439,2.578,0.481,3
11.456,7.436,2.058,0.393,3
16.503,7.231,0.766,0.496,3
13.261,7.126,2.829,0.368,3
12.349,7.092,0.118,0.229,3
16.405,7.407,0.307,0.257,3
15.543,7.110,1.064,0.214,3
10.532,7.273,3.048,0.492,3
11.292,7.041,2.605,0.396,3
13.133,7.041,1.928,0.473,3
13.306,7.043,0.025,0.255,3
16.664,7.351,1.320,0.271,3
16.920,7.484,2.456,0.276,3
14.612,7.110,0.457,0.475,3
12.798,7.116,2.059,0.209,3
14.048,7.479,2.657,0.410,3
13.972,7.223,3.216,0.406,3
12.082,7.260,0.428,0.221,3
10.143,7.289,1.961,0.500,3
12.171,7.449,1.587,0.486,3
17.340,7.127,0.976,0.495,3
10.280,7.311,2.980,0.267,3
14.503,7.096,3.406,0.404,3
13.871,7.064,0.603,0.433,3
13.720,7.007,0.957,0.223,3
11.539,7.404,0.937,0.225,3
13.718,7.350,1.785,0.247,3
10.292,7.442,3.035,0.347,3
10.703,7.390,1.396,0.407,3
10.659,7.412,1.605,0.266,3
16.919,7.049,1.410,0.281,3
